
> check
> npm run lint && npm test && npm run typecheck && npm run build && npm run check:auth


> lint
> eslint . --max-warnings 0


> test
> node --test "scripts/**/*.test.mjs" && node --experimental-strip-types --test src/game/review-blockers.test.ts src/game/reedwake-waterfront.test.ts src/game/river-bridge.test.ts src/game/frontier-river.test.ts src/components/game/frontier-art.test.ts src/game/world-expansion.test.ts src/game/spell-effects.test.ts src/game/fauna-expansion.test.ts src/game/dark-monster-pack.test.ts src/game/wildlife-pack.test.ts src/game/starter-wildlife.test.ts src/game/fauna-hydration.test.ts src/lib/app-data/app-data.test.ts src/lib/auth/gate-identity.test.ts src/game/weather.test.ts src/game/city.test.ts src/game/keep-story.test.ts src/game/bank.test.ts src/game/forestry.test.ts src/game/ghostwood.test.ts src/game/touch-hold.test.ts src/game/tags.test.ts src/game/craft.test.ts src/game/vault.test.ts src/game/rare.test.ts src/game/campfire.test.ts src/game/pets.test.ts src/game/loot.test.ts src/game/anatomy.test.ts src/game/alchemy.test.ts src/game/apothecary.test.ts src/game/save.test.ts src/game/harvest.test.ts src/game/house.test.ts src/game/building-size.test.ts src/game/building-placement.test.ts src/game/placeables/legacy-buildings.test.ts src/game/placeables/schema.test.ts src/game/placeables/catalog.test.ts src/game/placeables/placement.test.ts src/game/placeables/commands.test.ts src/game/placeables/history.test.ts src/game/placeables/build-mode.test.ts src/game/placeables/pose.test.ts src/game/placeables/hold-panel.test.ts src/game/placeables/functions.test.ts src/game/blueprints.test.ts src/game/placeables/perf.test.ts src/game/place-atmosphere.test.ts src/game/digging.test.ts src/components/game/cemetery-mist.test.ts src/game/resources/catalog.test.ts src/game/crafting/resolve.test.ts src/game/intro/beats.test.ts src/game/look/look.test.ts src/game/look/figure.test.ts src/game/look/parts.test.ts src/game/look/save-roundtrip.test.ts src/game/inventory/resources.test.ts src/game/resources/nodes.test.ts src/game/resources/harvest.test.ts src/game/resources/state.test.ts src/components/game/resource-visuals.test.ts src/components/game/oak-renderer.test.ts src/components/game/character-facing.test.ts src/game/crafting/recipes.test.ts src/game/crafting/transaction.test.ts src/game/gems.test.ts src/game/inlay.test.ts src/game/refining.test.ts src/game/chain-artifacts.test.ts src/chain/ordinal-identity.test.ts src/game/pathfinding.test.ts src/game/movement.test.ts src/game/combat-animation.test.ts src/game/herbs.test.ts src/game/magery-circle2.test.ts src/game/magery-circle3.test.ts src/game/magery-batch1.test.ts src/game/magery-batch2.test.ts src/game/magery-batch3.test.ts src/game/god.test.ts src/game/magery-polish.test.ts src/game/tracking.test.ts src/game/fishing.test.ts src/game/want.test.ts src/game/tailoring.test.ts src/game/magery-animation.test.ts src/game/healing-animation.test.ts src/game/taming-animation.test.ts src/game/crafting-animation.test.ts src/game/gathering-animation.test.ts src/game/fletching.test.ts src/game/corpse-animation.test.ts src/game/extraction-animation.test.ts src/game/construction-animation.test.ts src/game/companion-animation.test.ts src/game/npc-interaction-animation.test.ts src/game/moongate-animation.test.ts src/game/personal-action-animation.test.ts src/game/camera-follow.test.ts src/game/first-person-view.test.ts src/game/terrain-stream.test.ts src/game/graphics-settings.test.ts src/game/horizon-tree-density.test.ts src/components/game/lanternwood-art.test.ts src/components/game/lanternwood-kit.test.ts src/components/game/authored-character.test.ts src/components/game/art-coverage.test.ts src/components/game/settlement-kit.test.ts src/components/game/craft-readiness.test.ts src/components/game/hospitality-kit.test.ts src/components/game/hospitality-assets.test.ts src/components/game/commons-kit.test.ts src/components/game/commons-assets.test.ts src/components/game/signage-kit.test.ts src/components/game/civic-character.test.ts src/components/game/tool-geometry.test.ts src/components/game/signage-assets.test.ts src/components/game/interior-kit.test.ts src/components/game/interior-assets.test.ts src/components/game/phase1-launcher.test.ts src/components/game/phase1-integration.test.ts src/components/game/fauna-art.test.ts src/components/game/timber-renderer.test.ts src/components/game/architecture-kit.test.ts src/game/house-touch.test.ts src/game/placement-preview.test.ts src/game/world-ids.test.ts src/components/game/house-panel.test.ts src/components/game/flora-art.test.ts src/components/game/field-prop-art.test.ts src/components/game/weapon-geometry.test.ts src/components/game/offhand-geometry.test.ts src/components/game/equipment-material.test.ts src/components/game/death-geometry.test.ts src/components/game/campfire-geometry.test.ts src/game/audit-gameplay.test.ts src/components/game/chrome/frame.test.ts src/components/game/chrome/minimap-dock.test.ts

✔ mixed ledger EOL preserves approved evidence without approving additions (3.1956ms)
✔ mixed ledger EOL preserves verified evidence without approving additions (0.639ms)
✔ mixed ledger EOL preserves retained-by-decision evidence without approving additions (0.3934ms)
✔ mixed ledger EOL preserves inventoried evidence without approving additions (0.3269ms)
✔ canonical EOL collisions fail closed rather than discard evidence (0.3273ms)
✔ art predicate identities are independent of LF versus CRLF checkouts (17747.9109ms)
✔ SE01 action/save/load: ordinary unequip (6399.6067ms)
✔ SE01 action/save/load: rare unequip (6555.847ms)
✔ SE01 action/save/load: ordinary to rare (6890.8796ms)
✔ SE01 action/save/load: rare to ordinary (6650.0166ms)
✔ SE01 action/save/load: rare to rare (6096.2148ms)
✔ SE01 action/save/load: sell worn rare (3943.9917ms)
✔ SE01 action/save/load: confirmed mint removal (3731.5152ms)
✔ SE02 utility action/save/load: club fine (3627.4929ms)
✔ SE02 utility action/save/load: club exceptional (3953.8781ms)
✔ SE02 utility action/save/load: staff fine (3809.9552ms)
✔ SE02 utility action/save/load: staff exceptional (3752.7695ms)
✔ SE02 utility action/save/load: cap fine (3899.8611ms)
✔ SE02 utility action/save/load: cap exceptional (3764.5863ms)
✔ SE02 utility action/save/load: shield fine (3754.529ms)
✔ SE02 utility action/save/load: shield exceptional (3654.0069ms)
✔ SE02 utility action/save/load: cuirass fine (3783.8892ms)
✔ SE02 utility action/save/load: cuirass exceptional (3877.4563ms)
✔ SE02 utility action/save/load: ring fine (3897.0205ms)
✔ SE02 utility action/save/load: ring exceptional (3801.4901ms)
✔ SE02 utility action/save/load: knife fine (3670.01ms)
✔ SE02 utility action/save/load: knife exceptional (3750.0098ms)
✔ SE02 utility action/save/load: hatchet fine (3571.7375ms)
✔ SE02 utility action/save/load: hatchet exceptional (3729.1101ms)
✔ SE02 utility action/save/load: gorget fine (5670.1991ms)
✔ SE02 utility action/save/load: gorget exceptional (5841.6861ms)
✔ SE02 utility action/save/load: boots fine (5539.3075ms)
✔ SE02 utility action/save/load: boots exceptional (4054.6078ms)
✔ SE02 utility action/save/load: gauntlets fine (3834.2889ms)
✔ SE02 utility action/save/load: gauntlets exceptional (3564.2737ms)
✔ SE02 utility action/save/load: mace fine (3651.2991ms)
✔ SE02 utility action/save/load: mace exceptional (3610.5979ms)
✔ SE02 utility action/save/load: helm fine (3613.1371ms)
✔ SE02 utility action/save/load: helm exceptional (3722.2764ms)
✔ SE02 utility action/save/load: heater fine (3633.8184ms)
✔ SE02 utility action/save/load: heater exceptional (3665.4107ms)
✔ SE02 utility action/save/load: greaves fine (3671.8839ms)
✔ SE02 utility action/save/load: greaves exceptional (3613ms)
✔ SE02 utility action/save/load: mail fine (3711.4226ms)
✔ SE02 utility action/save/load: mail exceptional (3745.5838ms)
✔ SE02 utility action/save/load: cut_leather fine (3634.306ms)
✔ SE02 utility action/save/load: cut_leather exceptional (3818.5969ms)
✔ SE02 utility action/save/load: sew_hood fine (3623.0677ms)
✔ SE02 utility action/save/load: sew_hood exceptional (3638.3066ms)
✔ SE02 utility action/save/load: sew_gloves fine (5745.108ms)
✔ SE02 utility action/save/load: sew_gloves exceptional (5717.762ms)
✔ SE02 utility action/save/load: sew_hose fine (5413.5705ms)
✔ SE02 utility action/save/load: sew_hose exceptional (4057.1756ms)
✔ SE02 utility action/save/load: sew_tunic fine (3608.5488ms)
✔ SE02 utility action/save/load: sew_tunic exceptional (3688.6835ms)
✔ SE02 utility action/save/load: sew_cloak fine (3621.1143ms)
✔ SE02 utility action/save/load: sew_cloak exceptional (3695.3401ms)
✔ SE01 all known undefined slots project away without changing the runtime maps (3559.4618ms)
✔ SE01 invalid wear values and unknown slots still reject without overwriting (16523.9092ms)
✔ SE02 utility branch rejects malformed identity and forged stats (19208.5034ms)
✔ SE02 exact crafted records cannot fall through the utility branch (9103.7756ms)
✔ save explicitly distinguishes success, invalid state and storage failure (3308.9142ms)
✔ store exposes save failure and clears it only after a successful retry (10826.2936ms)
✔ canonical test script registers every source test exactly once, with no missing paths (6.2118ms)
✔ durable lifecycle reloads and applies only with a committed matching receipt (10.3887ms)
✔ prepare: before-write failure blocks continuation, reload preserves durable outcome (11.0087ms)
✔ prepare: after-write failure blocks continuation, reload preserves durable outcome (0.5804ms)
✔ prepare: silent-write failure blocks continuation, reload preserves durable outcome (0.457ms)
✔ submitted: before-write failure blocks continuation, reload preserves durable outcome (0.6547ms)
✔ submitted: after-write failure blocks continuation, reload preserves durable outcome (0.4169ms)
✔ submitted: silent-write failure blocks continuation, reload preserves durable outcome (0.4874ms)
✔ txid: before-write failure blocks continuation, reload preserves durable outcome (0.8169ms)
✔ txid: after-write failure blocks continuation, reload preserves durable outcome (0.4761ms)
✔ txid: silent-write failure blocks continuation, reload preserves durable outcome (0.7278ms)
✔ confirmed: before-write failure blocks continuation, reload preserves durable outcome (0.4606ms)
✔ confirmed: after-write failure blocks continuation, reload preserves durable outcome (0.4187ms)
✔ confirmed: silent-write failure blocks continuation, reload preserves durable outcome (0.2768ms)
✔ needs-reconciliation: before-write failure blocks continuation, reload preserves durable outcome (0.3253ms)
✔ needs-reconciliation: after-write failure blocks continuation, reload preserves durable outcome (0.253ms)
✔ needs-reconciliation: silent-write failure blocks continuation, reload preserves durable outcome (0.2698ms)
✔ applied: before-write failure blocks continuation, reload preserves durable outcome (0.4925ms)
✔ applied: after-write failure blocks continuation, reload preserves durable outcome (0.4033ms)
✔ applied: silent-write failure blocks continuation, reload preserves durable outcome (0.3184ms)
✔ save failure grants nothing; journal acknowledgement failure never grants twice (0.8617ms)
✔ strict transition graph, immutable identity and txid, no retry of ambiguous submit (0.9074ms)
✔ prepared or confirmed can be frozen for reconciliation without erasing txid (0.4116ms)
✔ stale live context and caller world/account mismatch fail closed (0.456ms)
✔ context change during storage await rejects before authorization (0.2339ms)
✔ two instances racing submission: atomic CAS allows only one success (0.2414ms)
✔ malformed/version/duplicate/account/size data is never silently replaced (0.4803ms)
✔ read error prevents any journal write or action permission (0.1538ms)
✔ receipt account/world/input/txid/version mismatch never marks applied (1.0309ms)
✔ bounded journal never evicts history, and duplicate input survives applied state (308.7041ms)
✔ redeem preflight rejects unsafe outcomes without live mutation or storage (10179.9978ms)
✔ SE03 malformed rare fails closed: null (6042.7247ms)
✔ SE03 malformed rare fails closed: false (6549.4002ms)
✔ SE03 malformed rare fails closed: [] (6657.7617ms)
✔ SE03 malformed rare fails closed: "rare" (6492.6631ms)
✔ SE03 malformed rare fails closed: {} (5993.8244ms)
✔ SE03 malformed rare fails closed: {"affixes":"accurate"} (3901.9752ms)
✔ SE03 malformed rare fails closed: {"affixes":[]} (3577.2337ms)
✔ SE03 malformed rare fails closed: {"affixes":["unknown"]} (3475.7949ms)
✔ SE03 malformed rare fails closed: {"affixes":["of defense"]} (3488.6897ms)
✔ SE03 malformed rare fails closed: {"affixes":["accurate","surpassingly accurate"]} (3728.1776ms)
✔ SE04 exact identity rejects makerless (3584.1032ms)
✔ SE04 exact identity rejects blank maker (3518.1776ms)
✔ SE04 exact identity rejects source (3631.7005ms)
✔ SE04 exact identity rejects base (3450.8407ms)
✔ SE04 exact identity rejects recipe (3425.6867ms)
✔ SE04 exact identity rejects stats (3549.1737ms)
✔ SE04 exact identity rejects affix (3562.3248ms)
✔ SE04 exact identity rejects extra unique (3651.9548ms)
✔ SE04 producers reject utility and partial exact rather than dropping identity (1929.7797ms)
✔ SE04 ordinary, legacy and exact decode/redeem/save agreement (3820.6902ms)
✔ HTTP 404 is unavailable, never successful empty inventory (27.3243ms)
✔ HTTP 429 is unavailable, never successful empty inventory (1.0522ms)
✔ HTTP 500 is unavailable, never successful empty inventory (0.8295ms)
✔ transport failure is retryable and not cached as absence (4.6058ms)
✔ verified zero is a successful empty result (0.4177ms)
✔ malformed/incomplete provider response rejects: null (0.4083ms)
✔ malformed/incomplete provider response rejects: {} (0.2865ms)
✔ malformed/incomplete provider response rejects: {"outputs":null} (0.2191ms)
✔ malformed/incomplete provider response rejects: {"outputs":[],"totalOutputs":null} (0.3042ms)
✔ malformed/incomplete provider response rejects: {"outputs":[],"totalOutputs":1} (0.2897ms)
✔ non-progressing duplicate pages reject (0.8888ms)
✔ oversized content rejects before JSON decode (2.2007ms)
✔ cancellation rejects an in-flight provider read (0.4947ms)
✔ Vault integrates keyed account isolation and post-await action guards (17.039ms)
✔ mixed wallet skips unrelated text/plain without hiding game holdings (2.5015ms)
✔ mixed wallet skips unrelated image/png without hiding game holdings (1.3737ms)
✔ mixed wallet skips unrelated image/svg+xml without hiding game holdings (0.9938ms)
✔ JSON served as plain text is still decoded, malformed declared JSON rejects (1.3507ms)
✔ native prototype pointer getters survive hold, tap and drag snapshots (1.7551ms)
✔ You and every side panel share one accessible drawer shell (2.3475ms)
✔ mobile vitals do not paint over an open drawer (0.4632ms)
✔ reading and top anchored gumps clear the frame (1.1005ms)
✔ drawer covers rail controls and parchment wins over the generic frame material (0.4283ms)
✔ classic chrome has tokenized materials, parchment, faceted vitals and reduced entrances (1.9528ms)
✔ shipped oak textures are the exact user-approved Blender exports (3.3408ms)
✔ oak CSS keeps geometry, tokens, pointer pass-through and readable text labels (0.93ms)
✔ intro chime honors the shared sfx preference (0.9643ms)
✔ component-owned audio context is closed on unmount (0.1891ms)
✔ suspended contexts resume under the live gesture instead of staying silent (0.1568ms)
✔ actions targets come from existing snapshot entities and tile scans only (1.1352ms)
✔ actions panel runs existing store commands and verb resolution — no new command API (0.2481ms)
✔ keyboard shortcut is the period key, ignores typing contexts and key repeat (0.2439ms)
✔ dock exposes the actions toggle with state (0.1861ms)
✔ vitals are meters with numeric values (0.1601ms)
✔ reading tabs follow the tabs pattern with arrow-key movement and panels (0.2207ms)
✔ menu clamps inside the bottom-right corner on a short landscape viewport (0.9816ms)
✔ menu clamps inside the top-left corner and keeps the click point when it fits (0.8868ms)
✔ menu never overflows a viewport smaller than itself (0.2231ms)
✔ menu height budget leaves both margins on real viewports (0.1488ms)
✔ fallback bounds cover the unmeasured first frame (0.1366ms)
✔ context menu measures itself, scrolls its verbs and pins Cancel (0.5747ms)
✔ throwing getItem degrades to the fallback, not an exception (0.9894ms)
✔ throwing localStorage getter yields null storage (0.2383ms)
✔ absent window yields null storage (0.1435ms)
✔ malformed saved flag falls back, valid flag loads (0.4298ms)
✔ quota failure on save never throws (0.3671ms)
✔ minimap chrome reads and writes storage only through the guarded helpers (0.9951ms)
✔ shared panel a11y hook enters focus, closes only its own layer on Escape, and restores focus (1.0066ms)
✔ settings dialog uses the hook with its open state and is labeled (0.2187ms)
✔ context menu and loot gump wire Escape/focus through the hook (0.1703ms)
✔ side panel is a labeled region with Escape handling while open (0.422ms)
✔ actions panel is a labeled dialog using the hook (0.1781ms)
✔ reduced effects setting exists with the approved default (effects on) (1.0728ms)
✔ effects preference combines the player setting and the OS reduced-motion media query (1.0204ms)
✔ world scene gates transient action FX behind the preference and syncs the root attribute (0.7238ms)
✔ lightning flash is never generated when effects are reduced (0.2737ms)
✔ DOM chrome honors reduced effects in CSS only (0.3185ms)
✔ settings gump exposes the reduced effects toggle in the graphics group (0.2643ms)
✔ actual intercepting mesh callbacks share hold/tap/drag/multicontact arbitration (304.2906ms)
✔ actual storm block preserves thunder/RNG and clears an existing reduced flash (0.8323ms)
✔ native panel Escape dismisses sibling Inspect layer before closing panel (185.8004ms)
✔ constrained menu edges remain in bounds after shrinking viewport (0.9313ms)
✔ title Keep and Escape cancel without starting, then restore focus after remount (1.5973ms)
✔ menu resize updates viewport even when measured dimensions do not change (0.7778ms)
✔ actual Tip native dismissal clears controlled Inspect and local visibility (21.573ms)
✔ tip shows on keyboard focus as well as hover and links with aria-describedby (1.0736ms)
✔ tip does not swallow child events or change child semantics (0.2487ms)
✔ paperdoll slots and rows expose item details to keyboard via Inspect (0.2162ms)
✔ shop rows expose item details to keyboard via Inspect (0.1732ms)
✔ new hall confirmation gates both the capture handler and React clicks (0.9744ms)
✔ confirmation opens without busy and never starts on the opening tap (0.2396ms)
✔ startup failure is rendered and announced on the title path (0.1449ms)
✔ general touch hold reuses the cancellable hold contract (1.08ms)
✔ the hold release cannot activate or dismiss the menu it opened (0.1993ms)
✔ terrain tries specialized hooks first, then the general touch path (0.1771ms)
✔ the guide teaches the touch gesture instead of right-click only (0.1616ms)
✔ looking glass bounds its card to the dynamic viewport with a scroll body (0.8288ms)
✔ the decorative mirror shrinks on short heights without changing its art (0.1546ms)
✔ settings dialog bounds its content to short viewports (0.1087ms)
✔ non-canvas app with no custom card gets a soft BRAND NOTE (utility exception) (6.2454ms)
✔ non-canvas app with a compliant card is silent (8.0999ms)
✔ card file without site.json card=custom warns (11.2879ms)
✔ card file with missing site.json warns for card=custom (5.5081ms)
✔ card file with invalid site.json warns for card=custom (6.9485ms)
✔ oversized card warns for non-canvas apps too (10.6683ms)
✔ canvas app with no card warns 'missing' and missing og:type (7.0318ms)
✔ canvas card without type still warns for og:type (10.9901ms)
✔ oversized card warns on the scraper budget (jpg and legacy png) (20.6472ms)
✔ compliant game (custom card + site.json type + x-banner) is silent (8.9862ms)
✔ __root.tsx og:type no longer satisfies the canvas gate (19.1348ms)
✔ oversized x-banner warns on the same scraper budget as og.jpg (8.5445ms)
✔ legacy png + site.json type still needs the X feed card (7.2246ms)
✔ siteDeclaresOgTypeGame reads the site contract (0.1891ms)
✔ a fresh og-pending marker silences the whole gate view (3.8509ms)
✔ a stale og-pending marker is ignored and the warnings return (4.8474ms)
✔ the marker goes stale on the clock, not on the file (4.8595ms)
✔ no marker means nothing is in flight (2.6956ms)
✔ parseBrandCheckArgs takes --game, --placeholder-ok and --root, and rejects the rest (0.3496ms)
✔ cli: a game missing its card reports JSON and exits 1 (273.9805ms)
✔ cli: a compliant game passes (178.2436ms)
✔ cli: the task's own marker is reported, not honoured (206.5413ms)
✔ cli: a bad argument fails with JSON on stderr (197.7534ms)
✔ cli: a non-game with no card fails too — the pass exists to produce one (166.6801ms)
✔ cli: --placeholder-ok is how a plain-utility pass reports no card as expected (315.0153ms)
✔ cli: a non-game with a compliant card passes (92.2869ms)
✔ SKILL.md and AGENTS.md name the marker path and bound this script uses (1.7372ms)
✔ the sections that own the brand-task prohibition never affirm a wait (2.1093ms)
✔ SKILL.md tells the pass to self-check with the flag this CLI accepts (0.8707ms)
✔ normalizes whitespace before hashing (3.2641ms)
✔ nullish and blank body text normalize to the empty string (0.3859ms)
✔ body text prefix is normalized and capped (0.3671ms)
✔ identical runs do not diverge (0.9512ms)
✔ status change diverges (0.3543ms)
✔ title change diverges (0.2107ms)
✔ title comparison is skipped when either side lacks one (0.1714ms)
✔ canvas disappearing diverges; canvas appearing does not (0.2587ms)
✔ horizontal overflow appearing diverges; clearing does not (0.2161ms)
✔ new console errors diverge (0.2592ms)
✔ errors already present in the baseline do not re-diverge (0.2077ms)
✔ body text collapse diverges (0.1479ms)
✔ body text dropping to zero reports collapse (0.1668ms)
✔ zero-length baseline reports growth via the hash branch, not collapse (0.1162ms)
✔ hash mismatch with a trivial length delta and same page start is tolerated (0.0855ms)
✔ hash mismatch with a trivial length delta but changed page start diverges (0.1004ms)
✔ prefix check is skipped when either side lacks a prefix (0.1509ms)
✔ length-delta tolerance boundary: 50 tolerated, 51 diverges (500-char baseline) (0.0984ms)
✔ length-delta floor dominates small baselines: 20 tolerated, 21 diverges (100-char baseline) (0.0939ms)
✔ collapse boundary: exactly half is 'changed', one below is 'collapsed' (0.0919ms)
✔ missing baseline viewport diverges (0.0978ms)
✔ empty or null baseline diverges for every viewport (0.1164ms)
✔ degenerate current verdict fails closed (0.2297ms)
✔ multiple signals across viewports all accumulate (0.1115ms)
✔ baselineComparison round-trips a valid baseline (0.1921ms)
✔ baselineComparison fails closed on malformed or wrong-shape baselines (0.2581ms)
✔ parseSmokeArgs defaults (0.2188ms)
✔ parseSmokeArgs supports a configurable cross-platform output directory (0.1076ms)
✔ parseSmokeArgs consumes --baseline without shifting positionals (0.0845ms)
✔ parseSmokeArgs rejects a trailing --baseline flag (0.0718ms)
✔ parseSmokeArgs supports the --baseline= form (0.1099ms)
✔ parseSmokeArgs rejects unknown flags instead of treating them as positionals (0.0826ms)
✔ parseSmokeArgs env fallback and flag precedence (0.1659ms)
✔ derivedPaths handles .png, .PNG, and extensionless inputs (0.3599ms)
✔ exitCodeFor: clean run exits 0 (0.1695ms)
✔ exitCodeFor: errors in any single viewport exit 2 (0.1481ms)
✔ exitCodeFor: navigation failure in any viewport exits 1, beating errors (0.0917ms)
✔ exitCodeFor: 4xx boundary and missing status (0.0709ms)
✔ exitCodeFor: no viewport data is a failure (0.0699ms)
✔ browser-smoke wires the guard and verdict helpers (0.5067ms)
✔ browser-smoke file I/O only touches guarded paths (0.5462ms)
✔ campfires subscribe through cached shallow membership copies (0.8734ms)
✔ copied fire membership detects in-place creation and removal without unrelated rerenders (0.3513ms)
✔ living character materials explicitly restore properties changed by ghost state (2.0188ms)
✔ the flag predicate matches src/lib/auth (3.1867ms)
✔ reads the value a live dev server resolved (1.1085ms)
✔ a server started without the flag reads as sign-in on (0.7065ms)
✔ agreement passes (0.2691ms)
✔ divergence fails in either direction (4.2403ms)
✔ an unobservable dev server is indeterminate, not agreement (0.3043ms)
✔ a dev server that cannot be reached probes as null (3.8333ms)
✔ a server without the endpoint probes as null, not as agreement (1.3319ms)
✔ only a divergence warns the smoke verdict (0.8571ms)
✔ the build side resolves the template's shipped app-env (61.1224ms)
✔ the CLI reports rather than silently passing when run via a symlink (350.9459ms)
✔ error component handles Error message (1.3704ms)
✔ error component handles empty Error (0.2972ms)
✔ error component handles null (0.1783ms)
✔ error component handles undefined (0.1333ms)
✔ error component handles string (0.1558ms)
✔ error component handles object (0.164ms)
✔ explicit test paths exist (5.4617ms)
✔ flora guard never rejects output from actual biome-specific selection (5.0212ms)
✔ explicit workspace identity still overrides document title and placeholder image (11.7722ms)
✔ injects before </head> (0.8522ms)
✔ injects the extensions script without a project id (0.8307ms)
✔ injects project id on the script and meta when provided (0.8587ms)
✔ does not duplicate grok:app_id (2.4507ms)
✔ omits x:creator tags without both creator values (1.5532ms)
✔ injects x:creator tags when both creator values are set (0.9556ms)
✔ escapes x:creator values (0.1938ms)
✔ does not duplicate x:creator tags (1.4411ms)
✔ platform chrome overwrites share-card metas and always sets og:title (0.864ms)
✔ does not duplicate twitter:card or og:title (1.0709ms)
✔ a baked site.image is treated as a custom card (1.2723ms)
✔ baked identity does not need a workspace filesystem (1.1206ms)
✔ a public card file wins over a baked site without card=custom (2.0653ms)
✔ public/og.png wins when jpg is absent (3.1828ms)
✔ resolveOgCardAsset: disk file, then bake, then empty (placeholder) (7.7876ms)
✔ snapshotOgIdentity stamps card=custom from a public card file (2.7637ms)
✔ snapshotOgIdentity stamps banner from public/x-banner.jpg (2.6149ms)
✔ emits x:game:image for a public host when site.banner is set (0.8164ms)
✔ does not emit x:game:image without a public host or banner (0.9179ms)
✔ site title Grok App is a real name, not a sentinel (1.1151ms)
✔ published grok.me slug is still a title fallback (0.9989ms)
✔ rejects Vercel system hosts as og:image origins (0.1307ms)
✔ published VITE_PUBLIC_HOSTNAME wins over request Host for og:image (0.9721ms)
✔ vercel Host without a public hostname emits no og:image (0.3866ms)
✔ emits og:image for a public host and prefers a custom card (0.7065ms)
✔ placeholder og:image appends site.color when it is 6-digit hex (0.8997ms)
✔ document title entities are not double-escaped on og:title (0.4426ms)
✔ site.json title wins over the host slug (0.387ms)
✔ injects into documents with no head element (0.5892ms)
✔ streaming injector matches </HEAD> case-insensitively (0.8969ms)
✔ does not duplicate the extensions script (1.3251ms)
✔ is idempotent (0.5852ms)
✔ uses the app name in the injected title tag (0.4821ms)
✔ streaming injector handles </head> split across chunks (0.7101ms)
✔ streaming injector passes post-head chunks through untouched (0.5042ms)
✔ streaming injector falls back when no </head> is seen (0.5307ms)
✔ detects install query (0.2135ms)
✔ filters non-document paths (0.3141ms)
✔ strips install params from the app link (0.1337ms)
✔ names the install page from host slug (0.0722ms)
✔ rejects hosts that are not plain slugs (0.0502ms)
✔ renders install page markup (0.3804ms)
✔ escapes host-derived values in the install page (0.2237ms)
✔ renders the manifest with the per-app name (0.1651ms)
✔ vite config keeps the nitro serverDir wiring (0.3567ms)
✔ nitro middleware and its bundled assets exist (1.2764ms)
✔ vite plugin bakes og identity as a virtual module (0.2613ms)
✔ near and far ground share one exact biome sample per vertex (1.1288ms)
✔ exact unchanged request skips; kind/height edit patches only dirty tile (1.989ms)
✔ each external dependency invalidates including output arrays and biome anchors (0.4983ms)
✔ world tiles and span changes invalidate (0.2939ms)
✔ uncommitted write retries; stale commit rejected (0.6056ms)
✔ large edit falls back to full and missing tile is distinguished (0.2546ms)
✔ invalid/unbounded spans rejected (0.2694ms)
✔ haze changes skip complete grids but invalidate missing tiles and edges (0.2663ms)
✔ horizon exact keys invalidate every identity/value input and subpixel movement (1.5275ms)
✔ horizon cache applies after stock rebuild and captures buffers and limit (0.5445ms)
✔ flat water stays level across the entire horizon distance range (1.5412ms)
✔ dry land retains the existing horizon relief and depth bias exactly (0.6565ms)
✔ shore lift interpolates continuously with the same four ground samples (0.5125ms)
✔ render helper does not mutate terrain and handles map-edge samples (0.3067ms)
✔ horizon renderer uses the water-aware surface without changing its hole or grid (0.5869ms)
✔ dormitory: generated terrain reachable placement and commit (476.9557ms)
✔ kitchen: generated terrain reachable placement and commit (281.0273ms)
✔ yard: generated terrain reachable placement and commit (239.3865ms)
✔ market: generated terrain reachable placement and commit (232.8878ms)
✔ forge: generated terrain reachable placement and commit (214.9257ms)
✔ tavern: generated terrain reachable placement and commit (210.3562ms)
✔ notice: generated terrain reachable placement and commit (209.5367ms)
✔ board: generated terrain reachable placement and commit (236.142ms)
✔ farm: generated terrain reachable placement and commit (231.5023ms)
✔ explicit acceptance totals and persisted evidence (1.4342ms)
✔ hall: unchanged review fixture rejects duplicate, not a navigation failure (1.3013ms)
✔ dormitory: unchanged review fixture rejects duplicate, not a navigation failure (0.1739ms)
✔ kitchen: unchanged review fixture rejects duplicate, not a navigation failure (0.1309ms)
✔ yard: unchanged review fixture rejects duplicate, not a navigation failure (0.1161ms)
✔ market: unchanged review fixture rejects duplicate, not a navigation failure (0.0986ms)
✔ forge: unchanged review fixture rejects duplicate, not a navigation failure (0.088ms)
✔ tavern: unchanged review fixture rejects duplicate, not a navigation failure (0.0851ms)
✔ notice: unchanged review fixture rejects duplicate, not a navigation failure (0.0769ms)
✔ board: unchanged review fixture rejects duplicate, not a navigation failure (0.1091ms)
✔ farm: unchanged review fixture rejects duplicate, not a navigation failure (0.1838ms)
✔ bank: unchanged review fixture rejects duplicate, not a navigation failure (0.1239ms)
✔ hall: prohibited even with no existing buildings (0.1383ms)
✔ bank: prohibited even with no existing buildings (0.0556ms)
✔ dormitory: missing-kind unit fixture can have valid placement (0.5267ms)
✔ kitchen: missing-kind unit fixture can have valid placement (0.2174ms)
✔ yard: missing-kind unit fixture can have valid placement (0.2225ms)
✔ market: missing-kind unit fixture can have valid placement (0.201ms)
✔ forge: missing-kind unit fixture can have valid placement (0.1771ms)
✔ tavern: missing-kind unit fixture can have valid placement (0.1964ms)
✔ notice: missing-kind unit fixture can have valid placement (0.1913ms)
✔ board: missing-kind unit fixture can have valid placement (0.1732ms)
✔ farm: missing-kind unit fixture can have valid placement (0.2601ms)
✔ loot dismiss is an accessible button that only clears UI selection (10.3599ms)
✔ loot panel bounds its scroll area while retaining reachable controls (2.0085ms)
✔ loot feedback is in bounded panel flow (0.1894ms)
✔ global notification defers to panels that render their own feedback (6.0215ms)
✔ _migrations keys on basename, not path (1.0262ms)
✔ a file already applied from another directory does not re-apply (0.8554ms)
✔ pending migrations are returned in name order (11.8486ms)
✔ non-.sql entries are dropped (readdir also yields the auth/ directory) (0.2101ms)
✔ the auth schema ships outside the globbed directory (0.7383ms)
✔ this workspace's auth schema copy is byte-identical to its source (0.3317ms)
✔ the copy check reads both files and catches an edit (7.3239ms)
✔ fixed minimap grid preserves exact biome weights and bounds storage (336.0425ms)
✔ separate sampler instances do not share values (2.1408ms)
✔ near biome slots preserve every grid value and bounded identity reuse (186.5474ms)
✔ every mutable atlas coordinate invalidates before next rebuild (0.6026ms)
✔ cache instances are isolated; invalid capacities rejected (0.2611ms)
✔ parsePreviewArgs accepts the two actions (2.6026ms)
✔ parsePreviewArgs rejects missing, unknown and extra arguments (0.4838ms)
✔ parsePid reads a pidfile and rejects junk (0.3741ms)
✔ parsePgid reads the pgrp field past a comm containing spaces (0.3693ms)
✔ parseListenerInodes picks LISTEN sockets on the wanted port only (0.4662ms)
✔ parseListenerInodes reads the tcp6 dump the same way (0.2252ms)
✔ looksLikePreviewProcess matches the npm wrapper and its vite child (0.5009ms)
✔ looksLikePreviewProcess spares the sibling scripts and re-used pids (0.2525ms)
✔ previewOwners trusts port owners and dedupes the pidfile pid (0.2677ms)
✔ previewOwners adds a pidfile pid whose command line is still the preview (0.3425ms)
✔ previewOwners drops a stale pidfile pid re-used by another process (0.258ms)
✔ previewOwners drops a pidfile pid that no longer exists (1.4886ms)
✔ previewOwners on a free port with no pidfile signals nothing (0.2459ms)
✔ stopOutcome fails when a pid survives or the port is still held (0.3269ms)
✔ stopOutcome reports a verified free port (0.2437ms)
✔ stopOutcome fails on a listener whose owner cannot be attributed (0.202ms)
✔ terminatePids SIGTERMs live pids and skips dead ones (0.5541ms)
✔ terminatePids escalates to SIGKILL when SIGTERM is ignored (0.5858ms)
✔ terminatePids reports a pid that survives SIGKILL as stubborn (0.667ms)
✔ terminatePids on a free port signals nothing (0.2015ms)
✔ game ferry is a presentation-free derivative with submerged keel and seated bank props (33.9407ms)
✔ approach earth carries a feathered vertex palette rather than a uniform slab (8.0588ms)
✔ bridge approach keeps slope while feathered skirts meet the bank (20.6094ms)
✔ bridge GLB has finite nondegenerate geometry, a seated deck and bounded palette (61.2156ms)
✔ preview: a successful sign-out clears the token, then redirects (3.9972ms)
✔ preview: a rejected sign-out still clears the token and redirects (0.3186ms)
✔ preview: a sign-out that throws synchronously still clears and redirects (1.681ms)
✔ preview: a sign-out that never settles clears and redirects once the wait expires (11.677ms)
✔ preview: no bearer means nothing to invalidate, so no request is made (0.3427ms)
✔ preview: a stored bearer is still invalidated server-side (0.1802ms)
✔ deployed: a confirmed sign-out clears the token, then redirects (0.1804ms)
✔ deployed: a sign-out that never settles throws and does NOT redirect (34.82ms)
✔ deployed: a rejected sign-out throws and does NOT redirect (0.9524ms)
✔ deployed: the timeout is distinguishable from a rejection (35.7082ms)
✔ settleWithin reports the outcome and never rejects (29.5749ms)
✔ settleWithin waits its full window, then gives up rather than hanging (18.946ms)
✔ pre-sign-in: the preview clear gives up at the preview bound (2.0967ms)
✔ pre-sign-in: a deployed session gets the deployed window, not the preview one (5.4104ms)
✔ pre-sign-in: a failed clear never blocks sign-in (4.7235ms)
✔ pre-sign-in: the preview skips the request when there is no bearer (0.38ms)
✔ every sign-out bound comes from one rule (0.15ms)
✔ the defaults are bounded, and deployed waits longer than preview (0.8458ms)
✔ sky shader literal smoothstep edges are strictly increasing (1.0714ms)
✔ below-horizon haze smoothly increases downward without changing its rim (0.5149ms)
✔ prepared terrain blocker matches strict plot and building boundaries (13.8606ms)
✔ new scan observes plot/building mutations without persistent cache (0.3102ms)
✔ fixed palette preserves exact conversion across color-management changes (70.4065ms)
✔ underground fog retains scene contrast at the unchanged tactical camera depth (1.1244ms)
✔ surface fog and approved daylight override remain unchanged (0.9762ms)
✔ pit floor uses a legible stone midtone without changing other terrain colors (1.0998ms)
✔ pit fill retains the bounded visibility floor without changing nightSight-dependent branches (3.0603ms)
✔ every surface lighting expression is byte-identical after the pit literal (0.9976ms)
✔ full lighting source differs only in approved pit values and visual-only reduction (0.2517ms)
✔ keeps VITE_-prefixed string entries (2.1078ms)
✔ drops non-VITE keys, non-string values and malformed documents (0.2803ms)
✔ a missing app-env.json is a clean no-op (1.4077ms)
✔ reads the app env from a workspace (2.7063ms)
✔ an explicit process-env override wins over the file (0.3109ms)
✔ the template ships auth off (0.9018ms)
✔ vite loadEnv resolves the wrapped value (2.4209ms)
✔ native executable arguments retain spaces, quotes and shell metacharacters (146.1383ms)
✔ the wrapped command runs with the app env applied (139.8596ms)
✔ the wrapped command sees an explicit override, not the file value (147.4723ms)
✔ the wrapper propagates the command's exit code (121.9895ms)
✔ a signal-killed command is never reported as success (144.9266ms)
✔ the CLI still runs when invoked through a symlinked path (128.7323ms)
✔ parseWriteAtomicArgs needs exactly a staged file and a target (2.9317ms)
✔ stagingError refuses a temp inside public/ and a no-op move (0.4723ms)
✔ handOver replaces the target and clears the staged file (5.4077ms)
✔ handOver creates a missing target directory (6.4362ms)
✔ an interrupted pass leaves the target on its old bytes, temp-free (6.3212ms)
✔ a failed hand-over creates no directory for the target it never wrote (1.7342ms)
✔ a staged file on another filesystem is refused, not copied (4.1245ms)
✔ cli: hands the file over, and refuses a temp staged in public/ (180.9854ms)
✔ cli: relative paths follow the script's root, not the caller's cwd (69.1531ms)
✔ every hand-over the og skill prints is one this script accepts (5.3187ms)
✔ cli: a missing staged file fails without touching the target (74.48ms)
ℹ tests 473
ℹ suites 0
ℹ pass 473
ℹ fail 0
ℹ cancelled 0
ℹ skipped 0
ℹ todo 0
ℹ duration_ms 265111.9231
✔ ordinal identity - bare origin becomes the stable first outpoint (1.8259ms)
✔ ordinal identity - spent output keeps origin but rotates tracking id (0.2014ms)
✔ ordinal identity - listed state and price come from wallet tags (0.2103ms)
✔ ordinal identity - malformed, ambiguous, and drifting listing tags fail closed (0.195ms)
✔ worldwide coverage is exhaustive over canonical existing kinds; keep is explicitly original (2.4896ms)
✔ all new GLBs load with measured finite, grounded Y-up bounds and vertex-color batching (142.3479ms)
✔ exported door corridors and X-running gate passage remain clear; roofs face up (144.0734ms)
✔ actual canonical specs retain original indoor contents, floors and keep story logic (1.7307ms)
✔ keep cutaway removes ceilings and stair-mouth occluders while retaining walking treads (169.0344ms)
✔ inside keep pointer 0 uses the visible surface once (107.194ms)
✔ inside keep pointer 2 uses the visible surface once (23.7186ms)
✔ keep input does not intercept {"inside":false} (16.1077ms)
✔ keep input does not intercept {"phase":"looking"} (34.2571ms)
✔ keep input does not intercept {"phase":"menu"} (15.6478ms)
✔ keep input does not intercept {"kind":"shop"} (9.5202ms)
✔ keep middle pointer remains available to camera controls (10.4585ms)
✔ keep build hold retains precedence over ordinary surface dispatch (12.1067ms)
✔ other-building bank and crafting dispatch remain intact (17.3978ms)
✔ lower stair first-hit dispatch 316->319 offset -0.35 (24.7572ms)
✔ lower stair first-hit dispatch 316->319 offset 0 (23.8172ms)
✔ lower stair first-hit dispatch 316->319 offset 0.35 (55.3123ms)
✔ lower stair first-hit dispatch 319->322 offset -0.35 (15.8233ms)
✔ lower stair first-hit dispatch 319->322 offset 0 (46.4432ms)
✔ lower stair first-hit dispatch 319->322 offset 0.35 (15.1225ms)
✔ lower stair first-hit dispatch 322->325 offset -0.35 (19.5903ms)
✔ lower stair first-hit dispatch 322->325 offset 0 (18.0342ms)
✔ lower stair first-hit dispatch 322->325 offset 0.35 (13.9031ms)
✔ lower stair first-hit dispatch 323->324 offset -0.35 (13.6678ms)
✔ lower stair first-hit dispatch 323->324 offset 0 (18.2854ms)
✔ lower stair first-hit dispatch 323->324 offset 0.35 (13.7587ms)
✔ lower stair first-hit dispatch 324->325 offset -0.35 (45.9181ms)
✔ lower stair first-hit dispatch 324->325 offset 0 (16.1368ms)
✔ lower stair first-hit dispatch 324->325 offset 0.35 (14.3729ms)
✔ keep stair presentation preserves treads and exposes the south mouth (0.3263ms)
✔ keep visual offset seats floors and treads without changing outside/NPC placement (0.7058ms)
✔ keep floor seating story 0: idle soles stay on original floor throughout bob cycle (91.8994ms)
✔ keep floor seating story 1: idle soles stay on original floor throughout bob cycle (63.268ms)
✔ keep floor seating story 2: idle soles stay on original floor throughout bob cycle (52.0808ms)
✔ keep floor seating story 3: idle soles stay on original floor throughout bob cycle (53.2002ms)
✔ keep floor seating authored and fallback feet share the zero-height sole anchor (4.8398ms)
✔ keep floor seating leaves walking, stairs, outside, NPC and ghost bob unchanged (165.8479ms)
✔ committed first-pass ledger covers the current AST inventory (33.085ms)
✔ AST/checker follows indexed aliases, satisfies, spread catalogs and anonymous JSX (11349.7807ms)
✔ coverage rejects deletions, duplicates, absent states, fabricated completion and missing metadata (415.5741ms)
✔ refresh preserves reviewed evidence and rejects reviewed removals (248.6501ms)
✔ generator is deterministic and refuses to turn inventory into approval (43.0555ms)
✔ Rowan real GLB adapts into both existing shoulders with independent recolorable body geometry (128.6958ms)
✔ Rowan is explicitly player-only and shared with the mirror, not a root replacement (1.6243ms)
✔ extraction bakes ancestor transforms into independent geometry (1.375ms)
✔ real modular GLB has every named part centered and sized in runtime Y-up space (11.9115ms)
✔ bounded authored runtime, shared mirror, guarded fallback and non-picking face (2.7403ms)
✔ all two authored campfire parts parse inside original envelopes (15.2982ms)
✔ incomplete and transformed out-of-envelope kits fail closed (3.01ms)
✔ duplicate names fail closed (3.2157ms)
✔ the vale scene lays cemetery mist on Greybarrow (1.5618ms)
✔ ruins ask terrain for extra thorn (0.4367ms)
✔ authored negative-Z face aligns with actual simulation heading in eight directions (1.2847ms)
✔ visual yaw correction applies to player and bounded authored civic NPCs (0.851ms)
✔ frameMode: below the breakpoint the chrome is a bottom band only (0.9057ms)
✔ frameMode: at and above the breakpoint the chrome is the full L frame (0.1767ms)
✔ frame geometry leaves room for 44px touch targets plus padding (0.2165ms)
✔ breakpoint matches Tailwind md so classes and logic agree (0.139ms)
✔ minimap starts collapsed only in band mode (0.1996ms)
✔ corner block is a real map size but leaves the band a full row (0.1456ms)
✔ corner clearance matches the panel offset classes (68 / 120) (0.1548ms)
✔ loadCollapsed falls back when nothing is stored (0.9384ms)
✔ save then load round-trips the collapsed flag (0.2228ms)
✔ garbage in storage falls back instead of crashing (0.1674ms)
✔ a throwing store never breaks the HUD (0.3547ms)
✔ dockStorage is null without a window (node tests) (0.1737ms)
✔ every existing NPC class and civic role uses approved art worldwide (0.9964ms)
✔ authored negative-Z front uses one PI correction; original NPC yaw untouched (0.24ms)
✔ integration keeps original animation anchors and applies matched initial/live yaw (1.0856ms)
✔ dormitory: actual commons geometry, palette and retained-space contract (49.2659ms)
✔ yard: actual commons geometry, palette and retained-space contract (9.2249ms)
✔ farm: actual commons geometry, palette and retained-space contract (73.1959ms)
✔ commons route existing dormitory, yard and farm worldwide (0.8774ms)
✔ open farm/yard kits stay present on entry, rooms retain cutaways (0.2096ms)
✔ retain original dorm floor, yard target and all farm soil beds only (0.287ms)
✔ source-specific dorm door and open yard/farm entrances stay unchanged (1.5951ms)
✔ ordinary Recipes defaults to All with accessible ready toggle and recovery (1.0395ms)
✔ ready filter uses current materials, station, blade, ghost and fire without mutation (7733.6264ms)
✔ RecipeRow routes readiness through world-aware materials without removing station gate (0.4694ms)
✔ live world typed iron readiness is pure, exact cost is retained, and rares never substitute (7852.0658ms)
✔ all three authored death parts parse inside original envelopes (74.1707ms)
✔ incomplete and transformed out-of-envelope kits fail closed (2.8359ms)
✔ duplicate names fail closed (3.3821ms)
✔ death keeps original proxy dimensions and non-pickable decoration (10.4292ms)
✔ reused metal material restores every live property after repeated fading (2.6935ms)
✔ torch keeps dim ghost emission and restores normal flame defaults (0.1727ms)
✔ 52 current fauna type/catalog/renderer/export IDs match exactly, worldwide (3.6915ms)
✔ hare: actual GLTFLoader finite Y-up ground/front geometry, palette and budget (31.4575ms)
✔ hart: actual GLTFLoader finite Y-up ground/front geometry, palette and budget (15.7902ms)
✔ wolf: actual GLTFLoader finite Y-up ground/front geometry, palette and budget (3.3661ms)
✔ wight: actual GLTFLoader finite Y-up ground/front geometry, palette and budget (3.8254ms)
✔ brambleback_stag: actual GLTFLoader finite Y-up ground/front geometry, palette and budget (3.9366ms)
✔ ironwood_boar: actual GLTFLoader finite Y-up ground/front geometry, palette and budget (36.5124ms)
✔ pine_lynx: actual GLTFLoader finite Y-up ground/front geometry, palette and budget (15.7048ms)
✔ ember_fox: actual GLTFLoader finite Y-up ground/front geometry, palette and budget (21.4367ms)
✔ moss_badger: actual GLTFLoader finite Y-up ground/front geometry, palette and budget (42.6202ms)
✔ ridgeback_warg: actual GLTFLoader finite Y-up ground/front geometry, palette and budget (7.9662ms)
✔ thornhide_doe: actual GLTFLoader finite Y-up ground/front geometry, palette and budget (34.8229ms)
✔ mire_croaker: actual GLTFLoader finite Y-up ground/front geometry, palette and budget (11.6971ms)
✔ reedback_stalker: actual GLTFLoader finite Y-up ground/front geometry, palette and budget (9.5771ms)
✔ bog_toad: actual GLTFLoader finite Y-up ground/front geometry, palette and budget (22.9115ms)
✔ saltback_tortoise: actual GLTFLoader finite Y-up ground/front geometry, palette and budget (2.6267ms)
✔ brine_hound: actual GLTFLoader finite Y-up ground/front geometry, palette and budget (3.4488ms)
✔ dune_crawler: actual GLTFLoader finite Y-up ground/front geometry, palette and budget (3.0683ms)
✔ coal_salamander: actual GLTFLoader finite Y-up ground/front geometry, palette and budget (2.7353ms)
✔ orebeetle: actual GLTFLoader finite Y-up ground/front geometry, palette and budget (2.3063ms)
✔ stonecrawl_spider: actual GLTFLoader finite Y-up ground/front geometry, palette and budget (15.1327ms)
✔ greybarrow_wightling: actual GLTFLoader finite Y-up ground/front geometry, palette and budget (9.2779ms)
✔ barrow_hound: actual GLTFLoader finite Y-up ground/front geometry, palette and budget (3.9292ms)
✔ ashen_banshee: actual GLTFLoader finite Y-up ground/front geometry, palette and budget (10.9143ms)
✔ bonecrow: actual GLTFLoader finite Y-up ground/front geometry, palette and budget (6.6702ms)
✔ brine_troll: actual GLTFLoader finite Y-up ground/front geometry, palette and budget (7.3516ms)
✔ stonefang_ogre: actual GLTFLoader finite Y-up ground/front geometry, palette and budget (10.7235ms)
✔ orc_marauder: actual GLTFLoader finite Y-up ground/front geometry, palette and budget (8.4445ms)
✔ oak_bear: actual GLTFLoader finite Y-up ground/front geometry, palette and budget (21.0488ms)
✔ frosthorn_ram: actual GLTFLoader finite Y-up ground/front geometry, palette and budget (16.428ms)
✔ fen_leech: actual GLTFLoader finite Y-up ground/front geometry, palette and budget (2.4543ms)
✔ tideclaw_crab: actual GLTFLoader finite Y-up ground/front geometry, palette and budget (2.3323ms)
✔ cavern_bat: actual GLTFLoader finite Y-up ground/front geometry, palette and budget (2.9529ms)
✔ tomb_sentinel: actual GLTFLoader finite Y-up ground/front geometry, palette and budget (2.4367ms)
✔ cinder_drake: actual GLTFLoader finite Y-up ground/front geometry, palette and budget (2.2599ms)
✔ willow_wisp: actual GLTFLoader finite Y-up ground/front geometry, palette and budget (15.3667ms)
✔ blackbriar_hag: actual GLTFLoader finite Y-up ground/front geometry, palette and budget (11.1984ms)
✔ rime_revenant: actual GLTFLoader finite Y-up ground/front geometry, palette and budget (7.2655ms)
✔ fen_ghoul: actual GLTFLoader finite Y-up ground/front geometry, palette and budget (6.633ms)
✔ drowned_reaver: actual GLTFLoader finite Y-up ground/front geometry, palette and budget (7.3983ms)
✔ deepmaw_basilisk: actual GLTFLoader finite Y-up ground/front geometry, palette and budget (4.7724ms)
✔ ossuary_knight: actual GLTFLoader finite Y-up ground/front geometry, palette and budget (9.2311ms)
✔ ash_demon: actual GLTFLoader finite Y-up ground/front geometry, palette and budget (15.8306ms)
✔ grave_lich: actual GLTFLoader finite Y-up ground/front geometry, palette and budget (69.688ms)
✔ redtail_squirrel: actual GLTFLoader finite Y-up ground/front geometry, palette and budget (20.788ms)
✔ whiteback_elk: actual GLTFLoader finite Y-up ground/front geometry, palette and budget (2.0125ms)
✔ highland_aurochs: actual GLTFLoader finite Y-up ground/front geometry, palette and budget (2.6366ms)
✔ reed_heron: actual GLTFLoader finite Y-up ground/front geometry, palette and budget (3.4323ms)
✔ river_otter: actual GLTFLoader finite Y-up ground/front geometry, palette and budget (3.6278ms)
✔ brine_seal: actual GLTFLoader finite Y-up ground/front geometry, palette and budget (2.0677ms)
✔ cave_mole: actual GLTFLoader finite Y-up ground/front geometry, palette and budget (2.0705ms)
✔ dusk_owl: actual GLTFLoader finite Y-up ground/front geometry, palette and budget (2.5821ms)
✔ field_rat: actual GLTFLoader finite Y-up ground/front geometry, palette and budget (1.9928ms)
✔ hidden parent skips visible traversal while retaining exact picking and original materials (12.5907ms)
✔ fallback Body and Beast boundary stay byte-preserved except explicit live death-read fix (1.5627ms)
✔ lynx export retains one bobtail without the previous extra canid tail (0.2547ms)
✔ spell-art variants are additive GLBs, never extra FaunaKind ids (2.2719ms)
✔ thornbound: elemental silhouette loads as opaque spell-art, not a plain animal (1.5217ms)
✔ stonebound: elemental silhouette loads as opaque spell-art, not a plain animal (1.3035ms)
✔ galebound: elemental silhouette loads as opaque spell-art, not a plain animal (1.2841ms)
✔ tidebound: elemental silhouette loads as opaque spell-art, not a plain animal (1.214ms)
✔ faunaSpellArt prefers the art flag, then the live magery names until spawn wiring (0.1732ms)
✔ risen look desaturates a clone, ghost-edges it, and leaves the shared species source alone (1.6235ms)
✔ Beast death pose reads mutable creature task inside the frame callback (0.5816ms)
✔ field kit is complete, finite and bounded with actual palette (3.456ms)
✔ original rock proxy still raycasts with painting disabled (4.2698ms)
✔ authored rock base stays on soil across scale, tilt and mining wobble (11.062ms)
✔ terrain seats only authored rock after recording the unchanged picking proxy (1.3335ms)
✔ missing field kit rejects so original rendering can stay active (0.9324ms)
✔ flora kit covers canonical crops, five reagent kinds and every visual state (9.8616ms)
✔ all exported states are finite, ground-seated, colored and bed bounded (1.5692ms)
✔ crop growth increases visible bounds and harvested herbs have distinct states (0.7215ms)
✔ all canonical wild herbs seat ready and picked authored bases just above soil (2.3988ms)
✔ wild herb fallback keeps its original primitive root offset in both states (0.1899ms)
✔ herb renderer applies geometry-aware seating without changing scale or crop beds (0.4584ms)
✔ missing export fails closed instead of displaying an incomplete kit (0.569ms)
✔ every placed binary parses, retains ground pivot, shares resources and never intercepts picking (389.0919ms)
✔ failed asset load is cached and returns a fallback signal (29.2194ms)
✔ kitchen: measured exterior geometry and original entrance contract (59.0237ms)
✔ tavern: measured exterior geometry and original entrance contract (49.9639ms)
✔ market: measured exterior geometry and original entrance contract (10.1989ms)
✔ hospitality art routes only three existing built kinds worldwide (0.936ms)
✔ hospitality retains original interior content, not duplicate market pillars or roofs (0.3173ms)
✔ hospitality original footprint and entry contracts stay fixed (1.5409ms)
✔ porch routes notifications into its visible panel (1.0162ms)
✔ hut routes notifications into its visible panel (0.1536ms)
✔ homestead routes notifications into its visible panel (0.1056ms)
✔ closed, stale and non-house targets retain global feedback (0.1557ms)
✔ feedback routing matches the panel's first lookup for ambiguous old IDs (0.1668ms)
✔ openBook exposes its own controls and global feedback instead of the chest (0.1775ms)
✔ openCraft exposes its own controls and global feedback instead of the chest (0.1061ms)
✔ openVault exposes its own controls and global feedback instead of the chest (0.0977ms)
✔ openSettings exposes its own controls and global feedback instead of the chest (0.1385ms)
✔ openPets exposes its own controls and global feedback instead of the chest (0.1845ms)
✔ ordinary side panels temporarily hide the chest without changing its ID (0.1696ms)
✔ house shell reserves HUD space, bounds scrolling and keeps Close outside it (1.4528ms)
✔ global toast is suppressed only when the corresponding house panel exists (0.4166ms)
✔ all eight real GLBs load, finite Y-up floor-grounded vertex palettes within original occupied footprints (189.5784ms)
✔ worldwide routes cover exact approved kinds; no farm/sign/keep/housing replacements (0.9326ms)
✔ predicate verified against actual original generator: exact furniture counts, no floors/walls/door cells (1.1064ms)
✔ ground dressing stays sparse, low, deterministic and excludes distant towns (10.2626ms)
✔ ground shader uses bounded world-space masks and no geometry displacement (0.3227ms)
✔ preview is centred on the real starting town and excludes every other settlement (0.3552ms)
✔ world-coordinate feather is continuous, radial and monotonic (0.5514ms)
✔ red cloth and gold identity, water and dangerous terrain retain their palette (0.2605ms)
✔ dressing is repeatable, bounded, independently allocated and never consumes global RNG (5.8027ms)
✔ handcrafted hall keeps brown shingles, twin battlements and readable heraldry (0.5615ms)
✔ roof skins sit on voxel courses and bank ridge tapers with its support (0.4358ms)
✔ decorations cannot be raycast targets and renderers keep gameplay seams unchanged (0.9642ms)
✔ editable Blender source accompanies bounded valid exported hall/tree meshes (45.1342ms)
✔ hall export contains chestnut roofs, red cloth and emissive honey glass (12.6901ms)
✔ kit placement is deterministic and existing hall routing is worldwide (1.1391ms)
✔ original building pick layers and inside presentation remain; kit never raycasts or mutates world (1.0081ms)
✔ oak selection is worldwide, identity-driven, readiness-gated and pure (1.6513ms)
✔ extraction bakes ancestors without altering source geometry (6.9532ms)
✔ real oak GLB has finite, Y-up, correctly scaled named geometry (66.1688ms)
✔ renderer keeps canonical maps, depletion and sapling state; no world writes (2.4742ms)
✔ stump memo invalidates on in-place sapling occupancy changes, not growth-only updates (0.3746ms)
✔ all eight authored offhand parts parse inside original envelopes (36.4953ms)
✔ incomplete and transformed out-of-envelope kits fail closed (5.003ms)
✔ duplicate names fail closed (4.2454ms)
✔ all geometry wrappers retain primitive fallback and runtime material ownership (0.801ms)
✔ bow export centers compose at original mesh anchors (4.5988ms)
✔ interiors replace loaded prop visuals only, retaining original raycast proxies (4.2951ms)
✔ all eight interior kits plus board/notice share the guarded decorative loader (0.5232ms)
✔ Phase 1 launcher validates all eleven kinds before replacing any save (11.8476ms)
✔ Phase 1 launcher backs up once and restores the exact prior save (1.299ms)
✔ Phase 1 launcher restores absent save and blocks the production-domain button (1.8283ms)
✔ same Task 5 node produces deterministic deeply immutable renderer data without catalog aliasing (2.5317ms)
✔ every catalog-spawned definition maps to its catalog node kind and family with bounded finite parameters (3.4458ms)
✔ family profiles guarantee a broad sturdy oak and a taller slimmer conifer silhouette (0.4918ms)
✔ family-aware climate composition preserves historical tree envelopes and family distinction (0.6092ms)
✔ catalog palettes distinguish ordinary, highland, ruby, and sapphire stone without emissive neon (0.6702ms)
✔ climate weights blend with rather than replace the resource catalog palette (0.4549ms)
✔ production visual selection delegates to the canonical resolver and has no resource-ID roll branches (1.0074ms)
✔ component-local visual cache is bounded, clearable, and preserves immutable hits (1.1486ms)
✔ visible work-frame lookup uses a numeric coordinate hit without repeated strict cache gets (8.7242ms)
✔ same origin and land revision still rebuild on seed change with new colors and matrices (12.5518ms)
✔ visual cache snapshots exact own data fields before lookup without invoking rejected getters (0.6889ms)
✔ visual cache validates primitive values before cache-key lookup (0.6347ms)
✔ terrain keeps selection assignment ordering, animations, and instanced batch count (0.8078ms)
✔ settlement routing covers existing bank and forge worldwide (1.0606ms)
✔ original footprint and voxel-centered door/anchor contracts stay fixed (1.5868ms)
✔ original floor/counter/hearth contents remain visible under exterior shells (0.3018ms)
✔ actual GLBs have finite Y-up geometry, grounded pivots and measured bounded cost (45.548ms)
✔ exported bank doorway and open forge front do not acquire decorative obstruction (23.092ms)
✔ bank and forge retain chestnut/timber/stone palette with restrained emissive accents (89.0772ms)
✔ integration reuses guarded shared loader and preserves cutaway/pick proxies (1.0845ms)
✔ forge trade pictogram uses restrained readable gold on its existing seven triangles (15.1079ms)
✔ notice and board real GLTFLoader assets satisfy footprint, palette, pivot and budgets (270.9167ms)
✔ signage selects only built notice and board kinds worldwide (0.9592ms)
✔ signage does not alter original board/notice footprint or invent an interaction (1.3992ms)
✔ every canonical timber routes to its own authored asset worldwide, never unknown ore (2.5719ms)
✔ actual GLTFLoader meshes: nine distinct assets, baked axes, bounded anchors, ground stumps (203.567ms)
✔ terrain routing preserves instance index maps and chunk invalidation with no invisible duplicate solids (1.0699ms)
✔ dense timber batches retain species-local picks through swaps, fading, depletion and regrowth (5.9971ms)
✔ primitive timber pick bounds invalidate after matrix updates (1.2176ms)
✔ all eight real tool parts fit original geometry envelopes and budgets (118.533ms)
✔ partial or malformed optional tools are rejected instead of half-rendered (0.3643ms)
✔ all eleven authored melee parts parse inside original envelopes (26.327ms)
✔ incomplete and transformed out-of-envelope kits fail closed (7.0955ms)
✔ duplicate names fail closed (17.1035ms)
✔ all geometry wrappers retain primitive fallback and runtime material ownership (0.7552ms)
✔ alchemy - draught math (0.9409ms)
✔ alchemy - garlic and ginseng stir a heal draught in the field (3789.5866ms)
✔ alchemy - a red draught closes a wound (3923.6194ms)
✔ alchemy - silk and ash thin the dark (3937.712ms)
✔ alchemy - a ghost cannot brew or drink (4884.1419ms)
✔ anatomy - bonus and crit scale, bandage uses both skills (0.9026ms)
✔ anatomy - a wrap knows the wound (4516.1105ms)
✔ anatomy - a sure arm hits harder when it knows the body (8160.8441ms)
✔ apothecary - Kingsford stamps the shop and its Master Alchemist (4568.3625ms)
✔ apothecary - old saves gain the shop on load, idempotently (3865.238ms)
✔ apothecary - the counter stocks draughts and every reagent, nightshade among them (4022.7697ms)
✔ apothecary - steel is not kept at the counter (5057.687ms)
✔ apothecary - he buys reagents and draughts, not blades (5655.7148ms)
✔ apothecary - no keeper near means no trade (control) (3967.4733ms)
✔ apothecary - the provisioner's counter is unchanged (4170.4859ms)
✔ apothecary - talk and the ghost's refusal (4191.8149ms)
✔ G1 - a night hunter wounds a passive player and pursues a moved target (107.6705ms)
✔ G1 - a fighting beast lets go of a ghost (41.7189ms)
✔ G1 - the unseen are not hunted (control) (46.696ms)
✔ G1 - a held beast cannot bite, and answers again once the lock lets go (157.1408ms)
✔ G1 - a stonecrawl spider's fangs carry venom; a held spider's do not (107.6377ms)
✔ G1 - melee aggression draws a bounded counter, never a double (12.8319ms)
✔ G2 - an unreachable rock is never mined (112.9556ms)
✔ G2 - an unreachable tree is never chopped (64.2274ms)
✔ G2 - unreachable farm and forestry work commit nothing (203.993ms)
✔ G2 - impact without reach is refused at commit time (86.6897ms)
✔ G2 - till rejects a hoe replaced during travel (91.481ms)
✔ G2 - till completes with the hoe retained (26.3937ms)
✔ G2 - plant rejects a hoe replaced during travel (18.4591ms)
✔ G2 - plant completes with the hoe retained (10.8901ms)
✔ G2 - harvest rejects a hoe replaced during travel (54.9252ms)
✔ G2 - harvest completes with the hoe retained (19.9788ms)
✔ G3 - magicarrow closes range continuously and releases (40.685ms)
✔ G3 - fireball closes range continuously and releases (11.395ms)
✔ G3 - poison closes range continuously and releases (40.6216ms)
✔ G3 - lightning closes range continuously and releases (66.613ms)
✔ G3 - paralyze closes range continuously and releases (12.9007ms)
✔ G3 - curse closes range continuously and releases (18.4766ms)
✔ G3 - a harmful spell follows a moving target (control: magicarrow) (17.7536ms)
✔ G4 - a later waypoint blocked mid-travel is never crossed (16.6863ms)
✔ G4 - a route invalidated before the first tick is never crossed (36.6765ms)
✔ G4 - first leg blocked before observation (single waypoint, fractional=false) (43.3845ms)
✔ G4 - first leg blocked before observation (single waypoint, fractional=true) (73.1564ms)
✔ G4 - first leg blocked before observation (multiple waypoint, fractional=false) (15.2062ms)
✔ G4 - first leg blocked before observation (multiple waypoint, fractional=true) (35.9818ms)
✔ G5 - dying atop an ordinary sack keeps the corpse, marker, goods, and recovery (48.9844ms)
✔ G5 - dying atop a creature corpse keeps both the spoils and the corpse identity (18.5952ms)
✔ G5 - a clean-ground death is unchanged (control) (19.4293ms)
✔ G6 - the Cairn keeps its hounds and crows after an ecology tick; the lich stays leashed (4374.6747ms)
✔ G6 - barrow_hound preserves Greybarrow confinement (43.0366ms)
✔ G6 - barrow_hound preserves regional home (18.4946ms)
✔ G6 - bonecrow preserves Greybarrow confinement (16.3021ms)
✔ G6 - bonecrow preserves regional home (12.8651ms)
✔ G6 - ashen_banshee preserves Greybarrow confinement (29.8652ms)
✔ G6 - ashen_banshee preserves regional home (10.4331ms)
✔ G7 - no keeper anywhere near means no trade (33.0783ms)
✔ G7 - a distant keeper means no trade; walking up restores it (11.4641ms)
✔ G7 - a ghost cannot trade even at the counter (control) (15.9333ms)
✔ G8 - grantEverything stocks every catalog item on a fresh character (22.3238ms)
✔ G8 - grantEverything stocks every resource form at every quality (27.3004ms)
✔ G8 - the kit tops up instead of resetting existing progress (19.1132ms)
✔ G8 - the flag parses only an explicit 1 or 0 (0.4838ms)
✔ G8 - grantEverything masters every skill and fills mana to match (28.0707ms)
✔ healer - selecting from outside talk range walks into reach before Return me (4309.1151ms)
✔ healer - Return me restores a ghost once the healer is in reach (3824.3277ms)
✔ bank - gold and goods move at the banker, not across the vale (4175.8721ms)
✔ bank - saying bank puts the purse in the box (5676.132ms)
✔ bank - the box is for the living (4392.8627ms)
✔ bank - death takes the purse, not the box (4179.9336ms)
✔ bank - a full box takes no new kind (3924.4719ms)
✔ bank - empty purse still names the balance (3962.1ms)
✔ bank - Emberhall keeps a bank on the spawn cobbles (3940.0867ms)
✔ bank - the building opens the box, not a bench (7366.3787ms)
✔ capture stores a lodgerelative to the hold anchor with a board bill (110.9901ms)
✔ a short pack or a collision spends nothing and places nothing (71.8284ms)
✔ rotating a blueprint keeps the doorway beside the door (70.0284ms)
✔ building-placement - hall, bank, and house kinds stay off the gold list (765.2324ms)
✔ building-placement - water, wall, and pit are no footing (2634.0527ms)
✔ building-placement - one of each civic kind, gold 28, no mutation on refuse (943.4673ms)
✔ building-placement - overlap of a second kind is taken ground (1040.674ms)
✔ building-placement - short gold refuses without a building (932.3611ms)
✔ building-placement - dormitory costs 40 and plants two empty beds (50.9362ms)
✔ building-placement - farm costs 28, seeds beds, and ticks the farm objective (44.9038ms)
✔ building-placement - BUILD_ORDER kinds are the gold-raised civic set (138.8284ms)
✔ building-size - every kind has a locked footprint (6.9501ms)
✔ building-size - world box is voxel extents from the tile origin (0.2673ms)
✔ building-size - shared edges and corners do not overlap; interiors do (0.1753ms)
✔ camera follow is frame-rate independent across common refresh rates (1.0053ms)
✔ camera follow stays monotonic, bounded, and clamps long frames (0.2189ms)
✔ an independent anchor translates camera and controls equally without erasing pan (0.1808ms)
✔ horizontal follow consumes the player's exact rendered displacement (0.1927ms)
✔ walking over uneven terrain never changes camera height (0.8979ms)
✔ a large teleport can still recenter camera height once (0.1558ms)
✔ campfire - three wood buys a fire that burns three hours (4397.6954ms)
✔ campfire - one fire is plenty near at hand (4296.7077ms)
✔ campfire - the fire dies to embers when its hour is spent (3816.3859ms)
✔ cooking - the pot wants a fire, and the fire feeds you (4409.3772ms)
✔ cooking - batch roasting works the whole pile (4488.9615ms)
✔ cooking - the kitchen hearth counts as a fire (3788.0424ms)
✔ eating - cooked food first, raw meat last (3816.6773ms)
✔ eating - a stew outfills everything (3672.2061ms)
✔ chain look - versioned inscription round-trips name, calling, recipe, and successor (4275.0432ms)
✔ chain look - malformed payloads are absent and rejected getters never run (3971.0886ms)
✔ chain look - restore uses the same resolveLook seam bit-for-bit (3920.0508ms)
✔ chain part - inscription preserves exact sculpted identity, author, and rarity (5260.1041ms)
✔ chain part - valid voxel alteration under the minted ID is rejected (5126.9617ms)
✔ chain part - v5 SHA256 commitment matches independent canonical implementation (4318.7249ms)
✔ chain part - commitment protects ID and all metadata and rejects invalid envelopes (4126.2959ms)
✔ chain part - exact-ID replay is idempotent, collisions never overwrite, old look references resolve (3999.1281ms)
✔ chain part - confirmed mint leaves the bench and redeem restores wearability (3731.9474ms)
✔ the capital's ground: wall ring, gates, streets, keep shell (542.3441ms)
✔ the ward truly encloses: you leave through a gate or not at all (4388.346ms)
✔ the reported seed connects the plaza to Millcross itself (4222.2799ms)
✔ the old off-road destination remains an unreachable height island (4589.3009ms)
✔ ensureCity stamps the capital once, buildings and souls (4970.2604ms)
✔ combat animation phase is deterministic and wraps on the combat beat (0.9479ms)
✔ melee swing winds up, strikes, and recovers (0.2591ms)
✔ bow draw peaks before release and resets after impact (0.1547ms)
✔ projectile progress clamps to the complete flight (0.1651ms)
✔ Magic Arrow and Fireball have distinct visual identities (0.8807ms)
✔ Teleport and Recall have distinct departure and arrival identities (0.1849ms)
✔ companion animation - five reactions are deterministic and distinct (1.7815ms)
✔ companion animation - stay, follow, and release emit after their exact mutations (4497.1622ms)
✔ companion animation - feeding snapshots the consumed item and preserves loyalty (4091.3467ms)
✔ companion animation - naming emits the accepted canonical name (9406.545ms)
✔ companion animation - rejected commands emit nothing (4981.2687ms)
✔ construction animation - pose rises, hammers, and returns to rest (1.5495ms)
✔ construction animation - civic placement emits after preserving cost and farm setup (4279.6435ms)
✔ construction animation - deed house placement emits without changing ownership (3810.069ms)
✔ construction animation - rejected sites emit nothing (3737.9191ms)
✔ corpse animation - skinning yields hide graded by beast tier, beside the flat drop (18310.4257ms)
✔ corpse animation - skinning yields bone parts by species on the same beast-tier ladder (32291.726ms)
✔ corpse animation - the fleshless drop no bone, hide, or meat (4440.736ms)
✔ corpse animation - skinning emits only after the result resolves (4397.831ms)
✔ corpse animation - looting emits at the pile without changing its transfer (4509.593ms)
✔ corpse animation - item and gold gump paths emit after positive corpse transfers (4164.7874ms)
✔ corpse animation - rejected interactions emit nothing (4711.8878ms)
✔ ordinary craft blockers follow command priority and disappear when ready (4356.2595ms)
✔ craft ingredient display counts the same ordinary supplies the command can spend (4159.8244ms)
✔ craft compatibility - rough harvested oak and iron feed the existing utility loop (8175.1856ms)
✔ craft compatibility - generic utility recipes never consume rare resource families (4757.524ms)
✔ craft compatibility - legacy first then typed low-to-high is deterministic across batches (3807.5841ms)
✔ craft compatibility - failed attempts still consume one atomic adapted debit (3920.5085ms)
✔ craft compatibility - malformed unrelated typed stacks abort without mutation or random (4018.5726ms)
✔ smithing, carpentry, and cooking have distinct deterministic motion (1.6287ms)
✔ successful bench work emits a carpentry event (4022.8367ms)
✔ successful forge work emits a smithing event (5149.7543ms)
✔ campfire work emits a cooking event (4602.3659ms)
✔ exact recipes - bow references the canonical form and immutable output contract (1.6996ms)
✔ exact recipes - shield form is the first armor craft (0.4968ms)
✔ exact recipes - charm form is the first jewelry craft (0.331ms)
✔ exact recipes - ring form is the second jewelry craft, taking metal bands or trophies (0.2805ms)
✔ exact recipes - helm form is the head-slot armor craft beside the legacy tag recipe (0.2563ms)
✔ exact recipes - mail form is the chest armor craft beside the legacy tag recipe (0.2605ms)
✔ exact recipes - the boots, gauntlets, and greaves forms complete the metal armor set (0.3048ms)
✔ exact recipes - role compatibility follows the canonical form selectors (0.4903ms)
✔ exact recipes - exact selections resolve one correlated component per semantic role (0.6016ms)
✔ exact recipes - missing, duplicate, mixed, unknown, and incompatible selections reject (0.8942ms)
✔ exact recipes - selection boundaries reject inherited fields and accessors without invoking them (0.4063ms)
✔ ordinary sound oak and common cloth resolve to the exact bow baseline (3.0069ms)
✔ choice redwood contributes exactly two hit bonus as a primary bow body (0.4548ms)
✔ a secondary hilt-sized choice redwood contribution is 0.5 rather than 2 (0.3775ms)
✔ fine and exceptional workmanship apply once with one contribution each (0.5139ms)
✔ flawed Ruby adds two damage and duplicate Power-family inlays are rejected (1.023ms)
✔ flawless Sapphire derives Fortune four locally without entering canonical stats (0.454ms)
✔ moon silver contributes its slayer multiplier to every fleshless kind at full primary scale (0.4901ms)
✔ a pristine moon silver slayer stays under the form cap (0.2967ms)
✔ canonical stats and defensive maps are capped by the item form (0.3349ms)
✔ resolution is deterministic, pure, and leaves form and build unchanged (0.6299ms)
✔ invalid components and inlays reject deterministically without mutation (1.1768ms)
✔ bow form and item-form catalog are deeply frozen at runtime (0.6622ms)
✔ item-form catalog boundary rejects unknown, duplicate, and missing form ids (0.561ms)
✔ inherited item-form fields are rejected by catalog and resolver boundaries (0.2374ms)
✔ inherited nested item-form records are rejected at every boundary (1.1622ms)
✔ null-prototype forms are accepted only when all required fields are own properties (2.0928ms)
✔ resolver rejects malformed synthetic forms with deterministic domain errors (1.1777ms)
✔ selector validation requires arrays, legal values, and quality correlation (0.6069ms)
✔ malformed component elements fail with stable shape errors before dereferencing (0.6275ms)
✔ malformed inlay elements fail with stable shape errors before dereferencing (0.6721ms)
✔ build, component, and inlay records reject unknown fields and invalid domains (1.0549ms)
✔ item builds require own fields despite Object.prototype pollution (1.9577ms)
✔ crafted components require own fields despite Object.prototype pollution (1.1133ms)
✔ gem inlays require own fields despite Object.prototype pollution (0.6205ms)
✔ form selectors reject empty arrays and impossible grade-resource intersections (0.7839ms)
✔ form identity contract binds bow to bow base item and weapon class (0.346ms)
✔ grade skill traits resolve onto jewelry through the material loop (0.2915ms)
✔ a moon silver ring carries the spirit-slayer onto the finger slot (0.1844ms)
✔ a ring's protection inlay clamps armor at the jewelry cap (0.2144ms)
✔ base stat maps reject unknown skills, fauna, and invalid values (0.5855ms)
✔ contributions report only applied post-cap deltas and reconcile to final stats (0.4907ms)
✔ component permutations resolve deeply equal in canonical form-role order (0.2536ms)
✔ two-slot inlays resolve stably by allowed family then resource id and clarity (0.4121ms)
✔ crafting quality guards use explicit complete grade and clarity sets (0.7962ms)
✔ exact transaction - consumes only selected stacks and creates the declared output once (4155.7263ms)
✔ exact transaction - all requirements validate before any inventory mutation (5921.235ms)
✔ exact transaction - mixed role selections and malformed inventory roll back without chance (8270.5471ms)
✔ exact transaction - output overflow rejects before selected resources are debited (4572.6346ms)
✔ exact transaction - legacy baseline log can satisfy an exact sound-oak selection (3841.2116ms)
✔ exact transaction - existing utility recipes retain deterministic compatibility behavior (4399.3237ms)
✔ exact bowcraft - five oak and one cloth produce one generic mundane bow (3885.3377ms)
✔ exact bowcraft - redwood always creates one material-specific item with deterministic physical stats (4318.146ms)
✔ exact bowcraft - ironwood always creates one material-specific item with deterministic physical stats (4303.511ms)
✔ exact bowcraft - exceptional oak becomes one maker-marked physical item without magic (5505.8707ms)
✔ exact bowcraft - material rejection happens before chance and changes no carried value (5667.3146ms)
✔ exact bowcraft - legacy bow command cannot bypass explicit material selection (6079.1957ms)
✔ exact swordcraft - ordinary iron remains fungible while Highland steel becomes unique (10196.7035ms)
✔ exact swordcraft - emberite carries its ember trait into the blade (6287.7067ms)
✔ exact swordcraft - moon silver bites the fleshless and no one else (4022.2261ms)
✔ exact swordcraft - copper becomes a unique handling blade with no damage trait (4184.4123ms)
✔ exact swordcraft - bronze carries its keen trait through the alloy chain (4478.3252ms)
✔ exact shieldcraft - iron plates carry the sturdy trait into armor (4265.523ms)
✔ exact swordcraft - a wolf fang hilt lends its keen edge to the blade (5092.9123ms)
✔ exact bowcraft - a stag antler body draws true like choice redwood (5404.0257ms)
✔ exact shieldcraft - drake scale plates a shield with hunted sturdy armor (4726.889ms)
✔ exact bowcraft - an aurochs horn body hits harder than antler, without its accuracy (4399.0668ms)
✔ exact swordcraft - an aurochs horn hilt lends mass to the blade (4280.5013ms)
✔ exact charmcraft - a stag antler charm carries the hunter's craft, and wearing it shows (3763.0714ms)
✔ exact ringcraft - a moon silver ring bites the fleshless from the finger slot (3410.7846ms)
✔ exact helmcraft - two plates and a lining, iron sturdy carries into head armor (3725.3199ms)
✔ exact leathercraft - three hides and a binding, the tunic outclasses the tag shirt (3668.8393ms)
✔ exact leathercraft - the hides want a blade in hand (3932.0855ms)
✔ exact leather set - hood, gloves, and hose carry supple into their slots (3594.6925ms)
✔ exact mailcraft - four plates and two lining, the chest piece outclasses the tag mail (3511.5585ms)
✔ exact armor set - boots, gauntlets, and greaves carry sturdy into their slots (3216.3723ms)
✔ dark monster pack adds eight dangerous untameable contracts (1.0572ms)
✔ every dark monster has a discoverable regional spawn (5456.5664ms)
✔ dark monsters hunt at night and grave wardens cannot leave Greybarrow (4720.2699ms)
✔ a slain grave lich crumbles but leaves its hoard (3799.2157ms)
✔ digging - a pick opens one pace of dirt and trains mining (8651.0345ms)
✔ digging - cobble, water, the tomb, and a ghost refuse (6744.4267ms)
✔ digging - fill kicks the dirt back (6037.1823ms)
✔ digging - a dropped thing buried in the hole stays until you unearth it (7289.1021ms)
✔ digging - rain fills open holes and washes a stash into the mud (6965.4347ms)
✔ digging - rain fills an empty hole (7712.0181ms)
✔ digging - the context offers Dig on dirt and Fill on your hole (6934.915ms)
✔ digging - twelve open holes is enough (6954.3852ms)
✔ digging - a cellar under your house keeps the rain out (6600.7638ms)
✔ digging - a stranger's house is not a cellar (6527.0591ms)
✔ digging - rain fills the cellar when the house is gone (6313.8031ms)
✔ digging - one cellar under a house (6077.8602ms)
✔ digging - a cellar does not spend the twelve field holes (6333.7654ms)
✔ extraction animation - distinct poses peak at the shared impact time (3.371ms)
✔ extraction animation - a successful tree impact emits without changing recovery (148.4372ms)
✔ extraction animation - mining records success and a glancing axe records failure (110.587ms)
✔ extraction animation - invalid targets emit nothing (87.6192ms)
✔ balanced fauna pack adds eight complete creature contracts (0.8831ms)
✔ balanced fauna pack mixes bondable beasts with untameable monsters (0.235ms)
✔ every new kind is discoverable in the seeded vale (5577.4455ms)
✔ new nocturnal threats hunt while the unseen dead still spill treasure (4805.9198ms)
✔ continued worlds gain every missing expansion kind without repeat-load duplication (11371.1945ms)
✔ eye camera sits on the body and looks along simulation facing (1.2322ms)
✔ bad facing or height cannot throw the camera off the vale (0.217ms)
✔ leaving eyes restores the tactical offset, not a zeroed camera (0.2118ms)
✔ V toggles eyes except when typing in a field (0.1938ms)
✔ eye yaw takes the short turn and does not wrap the long way (0.2044ms)
✔ eye view locks to the body, damps heading and height, and snaps a teleport (0.4939ms)
✔ rig, figure, HUD chip and settings all reach the same first-person flag (3.3074ms)
✔ fishing - the skill is live and water exposes a cast action (7560.8685ms)
✔ fishing - a held rod catches one fish and can raise the skill (33.8506ms)
✔ fishing - dry ground, wrong gear, failed casts, and changed targets never yield (352.0108ms)
✔ fishing - a fresh catch roasts into proper food (31.7478ms)
✔ fletch - one board becomes five arrows at the bench (4560.1713ms)
✔ arrows - a bow looses one arrow per swing and stops when the quiver runs dry (3841.0394ms)
✔ arrows - a melee swing never touches the quiver (4099.8955ms)
✔ arrows - the provisioner keeps a quiver's worth in stock (4054.1059ms)
✔ forestry - an acorn takes grass and becomes a tree (4139.7042ms)
✔ forestry - cobble and a standing tree refuse the acorn (3800.8827ms)
✔ forestry - a ghost cannot plant, and an empty pack cannot (4299.5274ms)
✔ forestry - rain hurries a sapling (3922.3467ms)
✔ forestry - skill picks oak, then redwood, and the grove remembers (4249.6303ms)
✔ river water and stone fords retain their surface identity instead of biome sand/snow tint (0.872ms)
✔ ford road shoulders taper into wet bank margins without rectangular dirt tongues (0.2071ms)
✔ river connects mountain snowmelt through the mill to the southern map edge (44.0535ms)
✔ water is level downstream, blocked, with explicit traversable stone fords (4.7734ms)
✔ river preserves all legacy tiles and keeps landmark anchors dry and approaches reachable (136.6743ms)
✔ gathering poses are distinct, bounded, and return to rest (1.1996ms)
✔ tilling and sowing emit exact plot feedback (4518.0325ms)
✔ harvesting records success and tree planting records its species (8207.9443ms)
✔ gems - family and clarity deterministically define rank and effect (1.9214ms)
✔ gems - all five clarities map monotonically and effects are frozen (0.5535ms)
✔ gems - amethyst carries the mastery family onto the skill axis (0.1526ms)
✔ gems - amethyst's mastery ladder is monotonic (0.2146ms)
✔ gems - diamond's protection ladder is monotonic within the armor budget (0.2762ms)
✔ timber - nine woods sit in the catalog (1.5219ms)
✔ ghostwood - the living do not see it; a skilled ghost can cut it (4257.279ms)
✔ god mode - off by default (1.0177ms)
✔ god mode - ?god=1 turns it on and it sticks (0.1884ms)
✔ god mode - ?god=0 lays it down (0.9673ms)
✔ god mode - the pool never empties (93.2286ms)
✔ god mode - without it the well refills as ever (53.7849ms)
✔ graphics settings default to full quality and full effects (1.9309ms)
✔ graphics settings persist shadows, supported tree reductions and reduced effects (0.3589ms)
✔ graphics settings saved before reduced effects existed load with effects on (0.3041ms)
✔ graphics settings saved before first-person existed load with the orbit (0.2162ms)
✔ graphics settings reject malformed and unsupported values (0.2619ms)
✔ harvest - an adjacent tree yields exactly one canonical typed log (1486.8485ms)
✔ harvest - an adjacent rock yields exactly one canonical typed ore (1309.2075ms)
✔ harvest - a failed skill roll changes no terrain or inventory state (1306.8753ms)
✔ harvest - invalid or missing targets clear intent without yielding (3689.4399ms)
✔ harvest - successful depletion scars once and later ticks do not duplicate it (1400.6438ms)
✔ harvest - save reload preserves the depletion scar and typed result (1849.2892ms)
✔ harvest - unknown and identified gate rejects disclose exactly the allowed node detail (6515.0527ms)
✔ harvest - typed inventory guard errors leave the complete node and player state unchanged (8493.0406ms)
✔ harvest - context discovery persists once and later reveals the same identity below skill (10974.156ms)
✔ harvest - exact journal result is bridged unchanged to the toast (8788.1753ms)
✔ harvest - pre-impact animation frames do not scan or clone sparse node state (1448.2297ms)
✔ harvest - planted oak menu uses its planted family, not the wild roll (8805.0914ms)
✔ harvest - planted pine menu uses its planted family, not the wild roll (7781.6529ms)
✔ harvest - planted willow menu uses its planted family, not the wild roll (8096.4501ms)
✔ harvest - planted birch menu uses its planted family, not the wild roll (8063.1095ms)
✔ harvest - planted ash menu uses its planted family, not the wild roll (9345.8917ms)
✔ harvest - planted redwood menu uses its planted family, not the wild roll (7608.4047ms)
✔ harvest - planted yew menu uses its planted family, not the wild roll (7125.4983ms)
✔ harvest - planted ghostwood menu uses its planted family, not the wild roll (7065.6129ms)
✔ harvest - planted ghostwood label is excluded for living and under-skilled ghosts (7315.4398ms)
✔ bandaging pose leans in, holds the wrap, and returns to rest (1.7909ms)
✔ recovery pulse rises and fades inside the healing window (0.2697ms)
✔ successful bandaging emits exact recovery feedback at the patient (5049.6248ms)
✔ wild herbs - the vale scatters every kind onto suitable dirt (4379.1602ms)
✔ wild herbs - ensureHerbs is idempotent (4530.894ms)
✔ wild herbs - old saves grow their scatter on load (10870.8233ms)
✔ pick a herb - walk-up pluck yields reagents and puts the patch to sleep (4384.0642ms)
✔ pick a herb - a lucky pluck doubles and brings a seed (4460.238ms)
✔ pick a herb - pearls and ash give no seeds (4383.3532ms)
✔ reagent crops - ginseng seed plants, ripens, and harvests (4364.8384ms)
✔ reagent crops - all three herbs ride the crop table (0.1927ms)
✔ full density preserves every tree in traversal order (1.5164ms)
✔ 15% and 30% reductions remove the exact requested share (0.3406ms)
✔ density reduction thins throughout the stock instead of truncating its tail (0.3705ms)
✔ the same scored stock always produces the same selection (0.2001ms)
✔ porch touch target preserves world and house identity (854.5975ms)
✔ hut touch target preserves world and house identity (839.4407ms)
✔ homestead touch target preserves world and house identity (992.0501ms)
✔ touch houses exclude ghosts, armed spells, resources and non-house buildings (82.5903ms)
✔ house gesture preserves piles target priority (27.707ms)
✔ house gesture preserves herbs target priority (28.4729ms)
✔ house gesture preserves fauna target priority (12.2507ms)
✔ house gesture preserves people target priority (16.4138ms)
✔ house gesture preserves plots target priority (67.955ms)
✔ paused house chest subscribes to fresh snapshot identity, not mutable bag references (1.6942ms)
✔ fractional nearby fauna keeps primary input priority across tile rounding (26.5791ms)
✔ fractional nearby person keeps primary input priority across tile rounding (15.6533ms)
✔ house - three deeds, not carpentry-as-house (0.9891ms)
✔ house - a deed plants a template on grass, not on the bank road (4571.2735ms)
✔ house - no deed, no house (4004.0943ms)
✔ house - ghost cannot raise or use the chest (4220.6688ms)
✔ house - locked chest holds goods, not the bank box (4412.1876ms)
✔ house - chest fills at eight kinds (4298.7909ms)
✔ house - a stranger cannot open the chest (4047.7658ms)
✔ house - look hut is free on a live vale (7721.3002ms)
✔ house - the building offers the chest, not the civic bench (7188.5073ms)
✔ inlay - flawed Ruby debits exactly one gem and adds deterministic Power II (4850.7986ms)
✔ inlay - duplicate family and exhausted slot reject without mutation (4477.1864ms)
✔ inlay - Sapphire Fortune remains local-only and capped at five (8996.0491ms)
✔ inlay - cut Emerald adds deterministic Precision III accuracy (4837.5315ms)
✔ inlay - swords accept precision and reject a second precision family (4258.4953ms)
✔ inlay - shields accept protection, reject a second, and swords reject protection (3892.7251ms)
✔ inlay - a flawless amethyst schools a sword in swords and lifts the wielder (4064.5049ms)
✔ inlay - a bow takes mastery as archery; armor refuses the scholarship (3978.5205ms)
✔ inlay - insufficient gem and noncrafted targets reject before mutation (4505.6798ms)
✔ intro has 4-6 beats with unique ids (0.9539ms)
✔ every beat has bounded title and text (0.1952ms)
✔ every beat's art file exists under public/ (0.5659ms)
✔ only the final beat carries a call to action (0.1711ms)
✔ resource inventory - constructs and parses only correlated catalog keys (1.6271ms)
✔ resource inventory - exact count, add, and take keep canonical sparse stacks (1.2101ms)
✔ resource inventory - new and normalized players start sparse without moving legacy pack (4674.5473ms)
✔ resource inventory - invalid amounts and insufficient takes never mutate (0.5782ms)
✔ resource inventory - multi-stack debit is atomic and aggregates duplicates (22.1015ms)
✔ resource inventory - parser accepts canonical positive entries only (0.5824ms)
✔ resource inventory - stack records reject symbols and accessors without invoking getters (0.2699ms)
✔ resource inventory - debits reject unknown own fields (0.1769ms)
✔ resource inventory - legacy adapters count exact typed plus only matching generic stacks (0.3581ms)
✔ resource inventory - legacy debit spends legacy first, falls back atomically, and never leaks (0.658ms)
✔ resource inventory - Pack rows parse, label, and sort exact canonical stacks (0.6374ms)
✔ keep stairs sit inside the shell (0.9267ms)
✔ walking north on the well climbs; south descends (0.3437ms)
✔ leaving the keep drops you to the bailey (0.1318ms)
✔ story clamps at the roof (0.1502ms)
✔ chibi: feet rest on the dirt, stack has no gaps (0.8951ms)
✔ chibi: head is the big blank, legs are stubs (0.172ms)
✔ anchors: every slot sits on the figure, voxels fit the grid (0.2325ms)
✔ catalog: unique ids, valid hexes, no orphan styles (1.2744ms)
✔ parity: no stored look resolves to today's hard-coded figure (0.9249ms)
✔ partial recipes fill from defaults; bad values fall back (0.257ms)
✔ round-trip: every catalog choice survives resolve (0.4033ms)
✔ validation: a sound part passes (1.8ms)
✔ validation: every rail bites (0.7232ms)
✔ registry: save, list, remove round-trip (1.2755ms)
✔ anchors: every slot sits on the figure, voxels fit the grid (0.235ms)
✔ partIdsOf: only real strings ride the recipe (0.2857ms)
✔ a person's look survives writeSave -> loadSave bit-for-bit (4840.5708ms)
✔ parity: a lookless person loads with no look and no complaint (5219.5236ms)
✔ loot - a lucky hare leaves its foot (4787.6484ms)
✔ loot - an unlucky hare spills nothing (the carcass is for the knife) (4213.4871ms)
✔ loot - an orc's whole kit spills at once (4269.9576ms)
✔ loot - a wight with empty pockets leaves no litter (4720.6478ms)
✔ loot - a rich wight leaves its hoard — and no meat (4281.027ms)
✔ loot - the coin lifts clean, the pile keeps the rest (6268.4354ms)
✔ loot - taking the last coin buries the empty pile (4384.8637ms)
✔ loot - the sword's kill spills too (melee, not just spells) (3774.3443ms)
✔ loot - targeting a dead creature id uses its corpse pile (4391.3296ms)
✔ roster - the hall keeps the roll of the hold (0.7165ms)
✔ care - your own beast offers the Companions page, a wild one does not (7699.0019ms)
✔ skills - the books hold every surviving skill, placeholders at zero (3868.034ms)
✔ archery - a bow strikes from afar, the skill wakes, swords stays asleep (3956.1352ms)
✔ failed spellcasting emits a visible fizzle event at the caster (4928.5823ms)
✔ spell fx profiles - every spell has a complete, distinct identity (0.6516ms)
✔ windupGlow - tint per spell, safe fallback (0.2794ms)
✔ moteState - deterministic, finite, and rises for spiral and fountain (1.5104ms)
✔ moteState - sigil motes orbit at ground level (0.2277ms)
✔ impactShard - shards scatter outward and fade (0.3306ms)
✔ ringBloom - sigil holds its circle, others bloom outward (0.2021ms)
✔ batch one - every spell has meta, a circle, a profile, and a voice on disk (2.9073ms)
✔ thorn snare - roots the beast and the thorns keep biting (73.4107ms)
✔ ironwood - bark-hard skin blunts every bite (44.893ms)
✔ leech - the beast's wound becomes your blood (42.5101ms)
✔ flash - the burst blinds everything near and breaks every fight (37.2983ms)
✔ fire blast - the ground erupts and the ring burns, but your own beast is spared (46.3068ms)
✔ blizzard - the cold front wounds and slows the ring (72.5747ms)
✔ chain lightning - the bolt arcs to the pack with a weaker kiss (13.4393ms)
✔ sleep - the beast drifts off, and a wound wakes it (14.5337ms)
✔ meteor - the sky falls in a wide ring (21.3381ms)
✔ a fizzled batch-one spell burns the reagents but lands nothing (13.2679ms)
✔ thorn snare kill feeds the corpse pile like any hunt (28.7209ms)
✔ batch two - every zone spell has meta, a circle, a profile, and a voice on disk (1.7545ms)
✔ flame wall - the ring keeps its teeth until the working lapses (147.4494ms)
✔ tar pit - the mire drags at every stride (62.3611ms)
✔ wall of stone - the way closes, then opens again when the working lapses (70.4226ms)
✔ sanctuary - ground no beast will cross, and no bite lands inside (65.3274ms)
✔ earthquake - three pulses shake the ring, each weaker, and knock beasts off their stride (42.379ms)
✔ nature's fury - the unbound swarm harries the ring but not you (42.5972ms)
✔ the vale holds a bounded number of workings (26.9664ms)
✔ a fizzled zone spell burns the reagents but raises no working (35.6269ms)
✔ workings survive a save round-trip (1000.3482ms)
✔ batch three - every spell has meta, a circle, a profile, and a voice on disk (1.9292ms)
✔ jump - a short leap that lands on its feet, and no farther (132.5558ms)
✔ gate - the moongate carries you and every companion to the mark (31.3106ms)
✔ resurrect - the dead rise where they fell; the living need not apply (39.3358ms)
✔ necromancy - a corpse answers, bound, and only a corpse (47.3338ms)
✔ summon elemental - the terrain chooses what answers (39.9754ms)
✔ polymorph - the wolf wears a hare's shape until the working lapses (57.7139ms)
✔ mirror image - the pack loses you among the images, and images pop clean (25.6056ms)
✔ fly - the wind carries you over what bars the earthbound (25.1279ms)
✔ fly lapses - the wind sets you down (23.6047ms)
✔ new mechanics survive a save round-trip (969.7526ms)
✔ a fizzled mechanic burns the reagents and changes nothing (13.889ms)
✔ fly tick integration - the sim breathes with new fields (37.9621ms)
✔ circle two - every spell has meta, a circle, a profile, and a voice on disk (34.7397ms)
✔ cure - refuses a clean body, draws venom from a poisoned one (7725.9755ms)
✔ poison - the bolt sickens and the venom finishes a hare (8043.0821ms)
✔ lightning - the sky answers at once, no venom, bigger bite than an arrow (8214.4477ms)
✔ bless - the boon holds, and the blade swings harder under it (7250.2678ms)
✔ a fizzled circle-two spell burns the reagents but not the venom (7012.4663ms)
✔ circle three - meta, circle, profile, voice, and the right targeting (2.2794ms)
✔ summon - a beast pads to your side, bound, and the old binding loosens on recast (8497.9238ms)
✔ summon - the binding loosens on its own when the hours run out (8932.2575ms)
✔ summon - a bound wolf tears at whatever its caster hunts (7613.6592ms)
✔ paralyze - the lock holds stride and teeth alike, then lets go (6931.6405ms)
✔ invisibility - the pack loses your scent until your hand betrays it (7413.276ms)
✔ curse - strength sours: a weaker bite and a slower stride (7208.4552ms)
✔ a fizzled circle-three spell burns the reagents but not the lock (6476.0878ms)
✔ polish - fly wears a wind ring while aloft (77.2167ms)
✔ polish - a hare-shaped beast wears the polymorph seal (43.7716ms)
✔ polish - mirror images shimmer with their own seal (36.2161ms)
✔ polish - a leap flashes where you leave and where you land (35.1412ms)
✔ moongate animation - phase clamps departure, transit, arrival, and settle (1.4941ms)
✔ moongate animation - travel records both gates and following companion arrivals (4677.8605ms)
✔ moongate animation - rejected destinations emit nothing (9460.1164ms)
✔ a newly blocked smoothed route is replanned instead of walking through it (121.9446ms)
✔ waypoint handoff consumes the remaining frame distance without pausing (39.6169ms)
✔ a valid smoothed segment does not pause when fractional tile rounding changes its raster (36.6976ms)
✔ a planned corner-safe line cannot get stuck when fractional movement rounds diagonally (47.4057ms)
✔ a fractional click redirect keeps the clear continuous line instead of detouring via rounded footing (72.5376ms)
✔ a click in the current rounded tile still reaches its center (58.8865ms)
✔ open-ground clicks and mid-walk redirects take one straight leg in every octant (244.6919ms)
✔ fractional obstacle routes retain safe footing and arrive without cutting walls or cliffs (73.2977ms)
✔ an unrelated terrain revision does not invent a detour from rounded mid-walk footing (38.8364ms)
✔ after rounding an obstacle the walk goes straight to the click instead of a leftover corner (35.3764ms)
✔ hunting replans toward a moving target without striking out of range (72.4237ms)
✔ a ranged spell follows a moving target and cannot cast from stale range (53.193ms)
✔ npc interaction animation - five profiles are bounded and distinct (1.9ms)
✔ npc interaction animation - talk and healing emit on the addressed NPC (4576.8479ms)
✔ npc interaction animation - buying and selling preserve transfers and direction (4250.9062ms)
✔ npc interaction animation - bank gold and item directions preserve balances (4925.0903ms)
✔ npc interaction animation - recruitment emits only after membership commits (5111.4933ms)
✔ npc interaction animation - rejected transactions emit nothing (8209.7305ms)
✔ astar removes the starting tile and smooths an open route (118.2916ms)
✔ astar cannot cut diagonally through a sealed corner (82.6435ms)
✔ astar smooths only across terrain with clear line of travel (31.2494ms)
✔ leftover grid corners drop once a later waypoint is in line (36.3823ms)
✔ astarToRange chooses reachable footing beside an occupied target (36.8713ms)
✔ personal actions - pose envelopes clamp and action families stay distinct (1.1058ms)
✔ personal actions - eating records the consumed meal after preserving priority and hunger (4634.3267ms)
✔ personal actions - mundane equipment changes record only after exact swaps (4918.1471ms)
✔ personal actions - equipment covers rare changes, no-body mutation, same-item no-op, and stale rare cleanup (19525.1663ms)
✔ personal actions - ordinary drop and pickup preserve pile transfer and ignore corpse feedback scope (4788.9317ms)
✔ personal actions - owned house transfers record direction without touching the bank box (5251.7157ms)
✔ personal actions - rejected commands do not emit and effects are world-isolated (12695.0458ms)
✔ pets - a companion takes a name and answers to it (4600.7324ms)
✔ pets - naming has manners: yours, alive, short, plain (4772.953ms)
✔ pets - auto-naming avoids names already taken (0.3482ms)
✔ pets - loyalty ebbs, the restless speak once, a feed re-arms (4444.5232ms)
✔ pets - a forgotten friend slips back into the wild (6112.6133ms)
✔ pets - the little orders speak their name (4115.4436ms)
✔ Cairn of Ash and Greybarrow are ruins; the hall is not (0.9687ms)
✔ Greybarrow keeps a ground haze; Emberhall does not (0.303ms)
✔ ruins turn ordinary flora into thorn and add extra bramble (0.1791ms)
✔ entering and leaving Hold build does not change the save (8722.6551ms)
✔ pointer cancel after press does not place a piece (7547.8733ms)
✔ press then lift places once and spends boards (7481.4366ms)
✔ hearthwright kit has unique stable ids covering the v1 lodge set (3.466ms)
✔ every piece has legal rotations, footprint, materials, costs, and bounded voxels (0.5641ms)
✔ Hold categories are the diegetic set and every piece is filed (0.193ms)
✔ functional pieces declare exactly one world verb (0.1388ms)
✔ placeObject spends boards, stamps a hold, and leaves a second refuse unchanged (88.5326ms)
✔ placeObject does not debit a short pack (55.9311ms)
✔ moveObject relocates without a second board cost (156.0334ms)
✔ rotateObject turns in place; copyObject pays; reclaim refunds three-quarters (58.9261ms)
✔ setObjectMaterial and renameStructure stay on the owner (74.5801ms)
✔ a closed door blocks the tile; an open door lets you through (9622.2331ms)
✔ a workbench counts as a bench and a hearth counts as fire (6428.8347ms)
✔ a bed restores health (7392.5341ms)
✔ a chest stores and refunds a validated stack, and refuses a stranger (6236.3015ms)
✔ a sign keeps bounded text (6602.1299ms)
✔ a planter is a crop bed you can sow (6321.5896ms)
✔ context offers Open on a hung door (7984.1039ms)
✔ failed commands do not record; undo/redo restore exact pack and pieces (109.667ms)
✔ a new command after undo drops redo (38.8874ms)
✔ history is bounded and clears on demand (106.885ms)
✔ undo-all then redo-all restores hashes after mixed commands (67.8794ms)
✔ The Hold catalog is kit pieces, not a second town-build menu (2.3367ms)
✔ selecting a piece arms a ghost; closing The Hold writes nothing (8450.7161ms)
✔ placing spends boards and reclaiming refunds (7532.9973ms)
✔ cancelPlacement lets an armed hold piece go without writing the dirt (6866.0023ms)
✔ cancelPlacement lets an armed hall go (6495.5695ms)
✔ cancelPlacement lets an armed hoe go (6708.3614ms)
✔ cancelPlacement with nothing armed is a quiet no-op (7266.048ms)
✔ Esc, right-click and long-press are wired to cancelPlacement (1.1354ms)
✔ legacy specs cover every building kind and match BUILD_SIZE bounds (1.9375ms)
✔ building-size derives footprints from SPECS, not a second table (0.784ms)
✔ a hold is capped at 250 pieces and a lodge save stays under 1 MB (108.4242ms)
✔ kit meshes batch by palette, not a material per piece (1.5434ms)
✔ placedBox is a voxel AABB at the tile origin (1.6655ms)
✔ canPlace accepts a timber floor on grass (85.3096ms)
✔ canPlace refuses ghosts, unknown pieces, water, and short packs (157.8247ms)
✔ canPlace treats overlapping pieces and civic shells as taken ground (74.9397ms)
✔ a lodge's floor, wall, door, and roof occupy the intended cells (1.2916ms)
✔ valid ghosts are gold; invalid ghosts are rust (0.1871ms)
✔ the vale scene mounts kit meshes beside civic buildings (1.5308ms)
✔ empty creator fields are valid and empty (2.1062ms)
✔ a furnished lodge round-trips through the creator schema (0.666ms)
✔ placed object rotation is 0..3 and state is a known function map (0.271ms)
✔ structure permissions are closed enums (0.2157ms)
✔ blueprints reject executable payloads and negative bills (0.2433ms)
✔ parseCreatorFields fails closed on missing or corrupt arrays (0.1915ms)
✔ porch valid preview agrees with real deed placement, without mutation (1159.0857ms)
✔ porch preview retains canonical rejection reasons and restores eligibility (10833.5382ms)
✔ hut valid preview agrees with real deed placement, without mutation (829.7525ms)
✔ hut preview retains canonical rejection reasons and restores eligibility (8874.4167ms)
✔ homestead valid preview agrees with real deed placement, without mutation (1023.2651ms)
✔ homestead preview retains canonical rejection reasons and restores eligibility (10029.4476ms)
✔ ordinary building previews preserve all canonical non-deed kind decisions (15.5715ms)
✔ live preview subscribes to the current validity result even when pointer stays still (1.4905ms)
✔ new buildings update the renderer while paused despite mutable array identity (0.4781ms)
✔ rare - classification: weapons, armor, jewelry; logs are mundane (1.1888ms)
✔ rare - the name reads like UO: prefixes before, of-suffixes after (5469.6878ms)
✔ rare - rolls respect rank caps and never stack a group (1.0852ms)
✔ rare - kill drops: wights hoard, hares never (4859.4783ms)
✔ rare - exceptional crafting creates physical workmanship without magic (4162.504ms)
✔ rare - exceptional respects class and rank ladders (3997.2651ms)
✔ workmanship - master with rare materials never crafts ordinary (0.3146ms)
✔ workmanship - floor requires both mastery and rare grade (0.1591ms)
✔ workmanship - better grade shifts odds upward without forcing exceptional (0.1954ms)
✔ crafted bows - workmanship is a physical quality roll, never a magic-affix roll (4234.9679ms)
✔ rare - equipping a wonder swaps with the mundane; mods flow to combat (3802.4466ms)
✔ rare - weapon affixes count only from the hand; wards count anywhere worn (4036.3509ms)
✔ rare - vault v2: a wonder mints with its identity and returns whole (4617.0763ms)
✔ rare - vault v1 payloads still read; mundane redeem unchanged (4485.9014ms)
✔ rare - weaponDmg table intact; slayer multiplies only its kind (4549.2423ms)
✔ rare - every affix id in the table is well-formed (0.2437ms)
✔ tips - describeAffix spells every affix out in human lines (0.3173ms)
✔ tips - iteminfo: stats, tags, and shop worth lines (0.2761ms)
✔ compare - weapons measure damage against the hand you have (3782.2823ms)
✔ compare - armor measures the slot it would fill (3838.0928ms)
✔ compare - rares count their affixes, worn or hovered (3813.3725ms)
✔ compare - warded armor rares tip the armor line (3521.4801ms)
✔ doll - dressed stats read the whole body at a glance (3640.0953ms)
✔ doll - worn wonders count their affixes on the battle line (3760.3545ms)
✔ appraisal - the loupe prices base, magic, and a maker's hand (4263.2579ms)
✔ appraisal - taking the coin pays out and strips the wonder everywhere (3617.516ms)
✔ Reedwake ferry uses the connected river instead of a blocked gallery rectangle (480.957ms)
✔ refining - route discovery is shared between the command and the work gump (1.2728ms)
✔ refining - bronze alloy debits both metals at the weakest-link grade (5141.6039ms)
✔ refining - bronze alloy names the missing secondary metal (4178.4614ms)
✔ refining - bronze alloy respects its smithing gate (4075.7751ms)
✔ refining - bronze alloy melts the lowest-grade secondary stock first (4104.2345ms)
✔ refining - copper family and grade survive the forge at its lower gate (3920.9962ms)
✔ refining - ore family and grade survive exact forge processing (4058.3047ms)
✔ refining - emberite holds its grade through the grandmaster smelt (3710.2423ms)
✔ refining - moon silver holds its grade through the master smelt (4403.3798ms)
✔ refining - ordinary iron follows the same retained-identity route (4168.3154ms)
✔ refining - station, skill, and shortage rejects are non-mutating (4427.6752ms)
✔ catalog has stable IDs whose keys equal definition IDs (1.7908ms)
✔ resource quality pairs are correlated at compile time (0.2396ms)
✔ resource node identity rejects incompatible pairs at runtime and is immutable (0.7094ms)
✔ catalog builder rejects unknown, extra, duplicate, and missing IDs (4.2073ms)
✔ catalog builder rejects kind, quality, and trait mismatches (2.8923ms)
✔ catalog builder rejects invalid rarity, regions, tools, and skill thresholds (3.2738ms)
✔ catalog builder rejects illegal forms and malformed processing routes (3.5467ms)
✔ catalog builder clones and deeply freezes all nested data (2.1623ms)
✔ trait registry is exhaustive, deeply immutable, and preserves Fortune as local-only (0.3415ms)
✔ existing traits, values, skills, routes, and forms remain unchanged (1.6454ms)
✔ harvest skill ladders are explicit, immutable, and use exact threshold bands (53.8498ms)
✔ identification hides family and ceiling below the threshold, then reveals the stable node (0.6992ms)
✔ extraction threshold is checked before tool tier and rejects with exact identified messages (0.5015ms)
✔ recovered grade is capped by both node ceiling and the near-threshold harvester band (5227.459ms)
✔ gem clarity uses its five-band ladder and mastery yield is exactly two (0.6263ms)
✔ tool policy is explicit and pure tier gating is independent of catalog literals (0.2815ms)
✔ public harvest APIs accept exact null-prototype data and reject unsafe shapes without getters (1.6106ms)
✔ node resolution is stable, deeply immutable, and owns a canonical identity (4.0109ms)
✔ seed, coordinate, and node kind are distinct parts of node identity (0.9132ms)
✔ candidate families come only from matching catalog node kinds in canonical order (1.2092ms)
✔ family probabilities are finite, normalized, affinity-weighted, and policy bounded (1.5391ms)
✔ soft biome affinities make catalog preferences observable and omit zero affinity (1.3348ms)
✔ bounded deterministic grid frequencies track inspected probabilities (890.3658ms)
✔ quality uses immutable explicit ladders and every ceiling is deterministically reachable (3248.2173ms)
✔ quality and family are unaffected by call order or unrelated random calls (2.4638ms)
✔ public node APIs reject malformed inputs with deterministic domain errors (0.9347ms)
✔ public node APIs accept exact null-prototype data records and reject unsafe record shapes (1.0047ms)
✔ wild woods keep to named groves; oak is everywhere; the hall is oak (0.6804ms)
✔ biome ordering export preserves representative biomeAt behavior (0.1963ms)
✔ resource state - discovery is sparse, canonical, immutable, and idempotently keeps the first hour (4.871ms)
✔ resource state - depletion preserves discovery and round-trips named finite metadata (1.2973ms)
✔ resource state - depletion rejects an hour before existing discovery without touching accessors (1.3149ms)
✔ resource state - at-hour parser rejects future timestamps and returns a detached canonical clone (0.616ms)
✔ resource state - deterministic regrowth waits until the exact kind boundary and is idempotent (34.8226ms)
✔ resource state - Wolfhollow trees never come back; Oakstand still does (37.1921ms)
✔ resource state - rock regrowth uses the exact 168 hour boundary (39.3465ms)
✔ resource state - one sparse regrowth batch restores every due owned node and bumps landRev once (45.1853ms)
✔ resource state - setWorld, snapshot, and advancing time run sparse regrowth (7986.6446ms)
✔ resource state - regrowth only restores its own matching dirt scar (40.2794ms)
✔ resource state - an active farm bed owns depleted dirt across the regrowth boundary (19.8756ms)
✔ resource state - 10k pre-boundary frame and snapshot checks reuse one sparse schedule (39.8949ms)
✔ resource state - parser rejects noncanonical, malformed, inherited, symbol, and accessor state without invoking getters (1.1378ms)
✔ resource state - parser returns a canonical deep clone detached from writable input (0.3111ms)
✔ resource state - parser rejects tree and rock ownership of the same world tile (1.3422ms)
✔ construction reserves bridge deck, approaches and generated farm beds atomically (8344.4331ms)
✔ chart-scale non-marker destination and return route use legal road connectors (6957.379ms)
✔ blocked nearest connector uses another reachable connector; sealed destinations stay closed (7571.5407ms)
✔ saved legacy regrowth on a stamped road gets a bounded legal local detour (12110.0048ms)
✔ Reedwake deck is a level canonical walk surface with graded bank approaches (3.2854ms)
✔ side rails cannot be walked through and the adjacent river stays water (0.1812ms)
✔ water remains visibly below the bridge while actor footing stays on top (0.6514ms)
✔ bridge bank surface feathers as earth without changing step collision or other fords (0.2614ms)
✔ original editable bridge and runtime GLB are delivered (0.3575ms)
✔ save - writes an explicit schema version without generated tiles (3710.2738ms)
✔ save - current-version write and load round-trip preserves representative state (4633.5293ms)
✔ save - v4 crafted identity round-trips canonically and rejects forged resolved stats (4309.7373ms)
✔ save - migrates valid v1 through v2 to v3 without rewriting a person's look (275.2289ms)
✔ save - v1 to v2 to v3 migration keeps a lookless person lookless (298.7661ms)
✔ save - migrates prior v2 by adding only empty resourceNodes and preserving optional nested data (282.0222ms)
✔ save - rejects malformed v1 instead of blessing it during migration (1.6579ms)
✔ save - native v3 resource stacks round-trip canonically (4512.0472ms)
✔ save - rejects unversioned payloads (1.1703ms)
✔ save - rejects future schemas instead of silently resetting fields (1.21ms)
✔ save - rejects corrupt JSON (0.7007ms)
✔ save - rejects malformed payloads (3.9045ms)
✔ save - rejects current-version saves missing required World fields (75.5222ms)
✔ save - requires resources on native v3 players (1.0605ms)
✔ save - malformed canonical runtime resources do not overwrite existing storage (5460.4579ms)
✔ save - malformed runtime resourceNodes do not invoke accessors or overwrite existing storage (5951.7065ms)
✔ save - rejects native v3 resources with unknown own fields without rewriting storage (1.6613ms)
✔ save - rejects malformed, impossible, and non-positive v3 resource stacks (11.4805ms)
✔ save - native v3 rejects malformed, noncanonical, and temporally impossible resourceNodes (11.6813ms)
✔ save - native v3 rejects future resource discovery and depletion separately (1.8804ms)
✔ save - future runtime resource timestamps never overwrite existing storage (4256.4078ms)
✔ save - load order applies scars before regrowth and leaves v2 dirt scars permanent (599.7586ms)
✔ save - rejects malformed elements in critical nested collections (19.3701ms)
✔ save - rejects malformed player core fields and containers (18.3636ms)
✔ save - rejects values outside every persisted closed domain (47.3881ms)
✔ save - migrates v4 halls with empty creator arrays and does not rewrite buildings (346.0774ms)
✔ save - creator lodge round-trips; corrupt or scripted state fails closed (4546.7578ms)
✔ crowded impact bodies share one opacity budget without dimming distant casts (1.5143ms)
✔ world-owned bounded events overlap, snapshot, expire and never cross a replacement (8062.0382ms)
✔ flight is anticipation within existing windup, never a delayed damage promise (0.2387ms)
✔ status indicators derive from actual deadlines and disappear on cure, death or expiry (4368.6581ms)
✔ fauna status seals follow moving targets, expire and obey a hard cap (3832.2159ms)
✔ status traversal is bounded and excludes corpses, removed entities and distant beasts (4326.9072ms)
✔ render status examination is bounded with thousands of inactive/distant creatures before a nearby affected one (4715.514ms)
✔ status cache drops in-place removals, resets and clock rewind without retaining old world entities (4360.5155ms)
✔ simulation refresh brings distant live statuses into range and world loading rebuilds persisted deadlines (15026.4793ms)
✔ routine status updates examine active creatures only and retain distant overflow for re-entry (3749.5738ms)
✔ inactive same-length fauna replacement invalidates status membership without routine rescans (4924.0723ms)
✔ status seal footprint stays above sloping and uneven terrain without losing flat-ground placement (4125.216ms)
✔ rendered seal triangle interiors clear triangulated terrain on irregular heightfields (3463.2747ms)
✔ label chooses current windup before latest live release, including same-clock overlap (6632.3952ms)
✔ real casts emit overlapping impacts at unchanged immediate damage boundary; fizzle has no success (2039.1622ms)
✔ Emberhall begins with a full ring of low-risk wildlife (4183.6773ms)
✔ starter wildlife stays peaceful at night (4239.5922ms)
✔ a new hunter can train on a field rat without taking damage (4197.7443ms)
✔ the starter ring replenishes to its cap every six game hours (4821.7665ms)
✔ starter replenishment is capped and idempotent (4142.836ms)
✔ tags - every item declares at least one resource tag (1.3112ms)
✔ tags - taxonomy spot checks: materials, properties, the blade set (0.9089ms)
✔ tags - countTag sums across item ids; consume order is cheapest-first (13.2711ms)
✔ craft - the club takes any wood: logs alone suffice, no boards needed (4792.3791ms)
✔ craft - tag ingredients burn the cheapest material first (4354.1284ms)
✔ craft - smelt stays exact: metal tags do not fake raw ore (5200.3982ms)
✔ craft - field work: cut bandages anywhere, any cloth, but only with a blade (4366.2104ms)
✔ craft - the leather tunic finally has a source: two hides and a blade (4144.2421ms)
✔ bladed script - chopping takes any sharp edge, not only the hatchet (3909.0441ms)
✔ bladed script - dressing a carcass takes any blade (3971.0822ms)
✔ diets - beasts eat by tag: hares want greens, wolves want meat (3713.909ms)
✔ craft batch - ×N produces N× the give and burns N× the material (3334.7602ms)
✔ craft batch - the stint ends when the pile runs short (3406.5906ms)
✔ craft batch - every attempt rolls its own success; splits are counted (3411.6996ms)
✔ craft batch - maxCraftable reads exact and tag needs (3586.1102ms)
✔ craft batch - field work batches too: six bandages from three silks (3680.2446ms)
✔ craft batch - the maker's mark can hold more than once in a stint (3326.0949ms)
✔ craft batch - a recipe never eats its own product (cloth/wood regression) (3319.9271ms)
✔ tailoring - hide shirt trains the needle, not the saw (4402.6307ms)
✔ tailoring - silk becomes a tunic with a blade (4339.5017ms)
✔ tailoring - a cloak wants four cloth and an edge (4556.3632ms)
✔ tailoring - a ghost cannot stitch (4787.7258ms)
✔ taming pose opens both hands and peaks before the bond resolves (1.7086ms)
✔ successful taming emits a gold bond result on the target (4377.6725ms)
✔ failed taming emits a refusal result before the animal flees (4613.6218ms)
✔ terrain streaming origin changes only on chunk boundaries (1.7211ms)
✔ the buffered terrain window preserves the complete visible radius (0.224ms)
✔ terrain stream origin is finite and deterministic (0.1351ms)
✔ touch hold - short tap dispatches once at release (1.9059ms)
✔ touch hold - elapsed hold opens once without a release tap (0.2265ms)
✔ touch hold - drag cancels hold and release tap (0.1799ms)
✔ touch hold - another finger cancels and cannot rearm until all release (0.2015ms)
✔ touch hold - cancel/dispose leaves no callback (0.1681ms)
✔ touch hold - loss of eligibility cannot open or tap (0.1515ms)
✔ touch hold - mouse and initially ineligible contacts are not consumed (0.1687ms)
✔ tracking - range and compass (1.0087ms)
✔ tracking - names the nearest beast and faces it (5123.2162ms)
✔ tracking - a cold trail when nothing lives in range (4472.1084ms)
✔ tracking - pets and corpses are not the wild (4648.8931ms)
✔ tracking - souls join the trail at 40 (3798.3816ms)
✔ tracking - dirt offers Track; a ghost cannot (6686.5692ms)
✔ vault - inscription round trip: encode → base64 → decode keeps the item (4913.5284ms)
✔ vault - decode rejects foreign payloads and ghost items (0.2201ms)
✔ vault - v3 unique crafted identity is lossless and forged stats fail closed (4258.3242ms)
✔ vault - mint removes exactly one from the pack and refuses an empty slot (4109.1276ms)
✔ vault - redeem returns the item to the pack (4065.2687ms)
✔ vault - a ghost cannot mint (3814.5293ms)
✔ vault polish - the whisper: mundane sats follow the shop, wonders weigh rank (3514.4552ms)
✔ vault polish - the ledger remembers its last rites (0.2168ms)
✔ vault polish - listings track, retag, and untrack (0.2536ms)
✔ want - Ryn stands on a new hall and asks for a hide (5393.7435ms)
✔ want - a hide pays; she will not pay twice (4398.843ms)
✔ want - a ghost cannot bargain (4296.0437ms)
✔ want - old halls still get Ryn, and only once (6608.0216ms)
✔ the sky is deterministic for a given seed (4.4486ms)
✔ different seeds drift different skies (0.8836ms)
✔ cloud, wet and wind stay inside 0..1 forever (3.4643ms)
✔ rain falls only under thick cover, never from a clear sky (0.3229ms)
✔ the rain hisses a held torch out, and leaves sheathed ones alone (0.9121ms)
✔ ensureWeather repairs old and broken saves (0.3721ms)
✔ wildlife pack adds eight complete tameable animal contracts (0.9391ms)
✔ every new animal has a discoverable regional spawn (5381.5707ms)
✔ a master tamer may approach every animal in the wildlife pack (3912.2801ms)
✔ coastal and burrowing wildlife carry useful ordinary finds (4358.9628ms)
✔ frontier sites have clear named approaches connected by traversable roads (660.0576ms)
✔ scenery is deterministic, seated on flat clear pads and queried in bounded chunks (509.0031ms)
✔ chart-scale routes reach every frontier marker from the retained spawn (10865.6498ms)
✔ v4 tile-free saves expand without rewriting storage or losing appearance, state or scars (4248.9775ms)
✔ mill watercourse is blocked except the connected stepping-stone ford (300.38ms)
✔ frontier climates match the authored regions (0.5944ms)
✔ map grows to the nearest square grid to five times the original area (259.1116ms)
✔ nid skips exact existing buildings/b IDs without changing stored data (1308.5369ms)
✔ nid skips exact existing people/p IDs without changing stored data (856.9197ms)
✔ nid skips exact existing people/you IDs without changing stored data (856.067ms)
✔ nid skips exact existing fauna/f IDs without changing stored data (838.8896ms)
✔ nid skips exact existing piles/pile IDs without changing stored data (929.5008ms)
✔ nid skips exact existing marks/mk IDs without changing stored data (883.3869ms)
✔ nid skips exact existing campfires/camp IDs without changing stored data (876.2257ms)
✔ nid skips exact existing herbs/herb IDs without changing stored data (850.8698ms)
✔ nid skips exact existing plots/plot IDs without changing stored data (832.3057ms)
✔ nid skips exact existing saplings/sapling IDs without changing stored data (781.5851ms)
✔ nid produces distinct pending allocations at the same paused tick (30.6074ms)
✔ nid checks newly inserted/replaced records, not just initial array identity or length (16.9991ms)
✔ nid avoids existing IDs after a tick rollback and across world switching (1485.5078ms)
✔ loaded review save porch preserves existing IDs and chest targeting (22.3847ms)
✔ loaded review save hut preserves existing IDs and chest targeting (49.0971ms)
✔ loaded review save homestead preserves existing IDs and chest targeting (70.5491ms)
✔ nid advances through consecutive collisions before pending allocations (11.3926ms)
✔ nid reserves the player identity before its body is inserted (19.0707ms)
✔ nid supports partial bootstrap worlds (0.3041ms)
✔ nid compares literal IDs, not normalized numeric suffixes (29.6833ms)
✔ ordinary construction also skips collisions without changing cost or beds (31.9226ms)
▶ callTool failure memo
  ✔ replays an identical failure within the memo window without refetching (5.5768ms)
  ✔ keys by token identity so a reminted token shares the memo entry (1.3369ms)
  ✔ sweeps expired entries on write so unique keys do not accumulate (2.5785ms)
  ✔ never memoizes login-required 401s (1.2721ms)
✔ callTool failure memo (11.8714ms)
▶ callTool
  ✔ resolves ok:false for non-serializable args instead of rejecting (0.6966ms)
✔ callTool (0.8392ms)
▶ isLoginRequired
  ✔ is true only for login-required failures (0.2047ms)
✔ isLoginRequired (0.3668ms)
▶ redirectToLoginIfRequired
  ✔ no-ops when login is not required (0.3318ms)
  ✔ navigates to the server-built loginUrl in the browser (0.1616ms)
  ✔ opens a new tab instead of navigating when framed (0.1794ms)
  ✔ falls back to navigation when framed and the popup is blocked (0.2204ms)
  ✔ returns false when the result has no loginUrl (0.1676ms)
  ✔ returns false on the server (no window) (0.1153ms)
✔ redirectToLoginIfRequired (1.4838ms)
▶ classifyCallToolError
  ✔ returns null for successful results (0.1904ms)
  ✔ classifies login-required before message matching (0.0926ms)
  ✔ classifies not_connected and failed_precondition (0.0849ms)
  ✔ classifies scope_denied without claiming a missing grant (0.0993ms)
  ✔ classifies access_denied (0.0727ms)
  ✔ falls back to a generic error with the raw message (0.0968ms)
✔ classifyCallToolError (0.8202ms)
▶ verifyGateIdentityToken
  ✔ returns the identity for a valid token (59.5711ms)
  ✔ omits optional claims as nulls (2.1594ms)
  ✔ rejects a wrong audience (1.9025ms)
  ✔ rejects a wrong issuer (1.8782ms)
  ✔ rejects an expired token (1.9282ms)
  ✔ rejects a token without exp (1.4391ms)
  ✔ rejects a token signed by a different key with the same kid (1.7814ms)
  ✔ refetches the JWKS when the kid rotates (2.856ms)
✔ verifyGateIdentityToken (75.1315ms)
▶ gateIdentityFromHeaders
  ✔ verifies the header token end to end and fails closed without it (31.8622ms)
  ✔ activates on a deployed-shaped request without GROK_GATE_ORIGIN (2.3943ms)
  ✔ fails closed when GROK_PROJECT_ID is unset (1.0749ms)
✔ gateIdentityFromHeaders (35.701ms)
▶ sessionBoundToGateIdentity
  ✔ keeps the session when it is bound to the same gate sub (0.2037ms)
  ✔ rotates when the session belongs to a different gate sub (0.0849ms)
  ✔ rotates when the session user has no gate-bound account (0.0677ms)
✔ sessionBoundToGateIdentity (0.506ms)
ℹ tests 1080
ℹ suites 8
ℹ pass 1080
ℹ fail 0
ℹ cancelled 0
ℹ skipped 0
ℹ todo 0
ℹ duration_ms 160719.0204

> typecheck
> tsc --noEmit


> build
> node scripts/with-app-env.mjs vite build && npm run db:migrate

(node:19592) [DEP0190] DeprecationWarning: Passing args to a child process with shell option true can lead to security vulnerabilities, as the arguments are not escaped, only concatenated.
(Use `node --trace-deprecation ...` to show where the warning was created)
[90m[[90mnitro:vercel[90m][39m [36mℹ[39m Using [36mnodejs24.x[39m runtime.
[90m[[90mnitro:vercel[90m][39m [36mℹ[39m Using [36mweb[39m entry format.
[36mvite v8.2.2 [32mbuilding client environment for production...[36m[39m
transforming...
[33m[plugin rolldown:vite-resolve] Module "bun:sqlite" has been externalized for browser compatibility, imported by "C:/Users/futur/Desktop/emberhall-review-fixes/node_modules/@1sat/actions/dist/sync/index.js". See https://vite.dev/guide/troubleshooting.html#module-externalized-for-browser-compatibility for more details.[39m
✓ 3376 modules transformed.
rendering chunks...
computing gzip size...
.vercel/output/static/assets/styles-B0UEBHvD.css                     55.16 kB │ gzip:  10.81 kB
.vercel/output/static/assets/__vite-browser-external-Cavc_B4G.js      0.10 kB │ gzip:   0.11 kB
.vercel/output/static/assets/rolldown-runtime-C0FnF6B9.js             1.29 kB │ gzip:   0.71 kB
.vercel/output/static/assets/testkit-DyTlZqLE.js                      1.29 kB │ gzip:   0.69 kB
.vercel/output/static/assets/routes-BfLh9sAe.js                   1,800.10 kB │ gzip: 489.92 kB
.vercel/output/static/assets/dist-DhNrIjXP.js                     2,297.31 kB │ gzip: 629.00 kB
.vercel/output/static/assets/index-BPwnDYQF.js                    2,684.01 kB │ gzip: 770.79 kB

[32m✓ built in 2.10s[39m
[33m[plugin builtin:vite-reporter] 
(!) Some chunks are larger than 500 kB after minification. Consider:
- Using dynamic import() to code-split the application
- Use build.rolldownOptions.output.codeSplitting to improve chunking: https://rolldown.rs/reference/OutputOptions.codeSplitting
- Adjust chunk size limit for this warning via build.chunkSizeWarningLimit.[39m
[36mvite v8.2.2 [32mbuilding ssr environment for production...[36m[39m
transforming...
✓ 281 modules transformed.
rendering chunks...
computing gzip size...
node_modules/.nitro/vite/services/ssr/assets/styles-B0UEBHvD.css                        55.16 kB │ gzip:  10.81 kB
node_modules/.nitro/vite/services/ssr/assets/start-5Z2QO8AU.js                           0.14 kB │ gzip:   0.13 kB
node_modules/.nitro/vite/services/ssr/assets/empty-plugin-adapters-D9UWiqvJ.js           0.22 kB │ gzip:   0.16 kB
node_modules/.nitro/vite/services/ssr/assets/_tanstack-start-manifest_v-D_7rXfE7.js      0.58 kB │ gzip:   0.34 kB
node_modules/.nitro/vite/services/ssr/assets/testkit-hJPja4Pb.js                         2.55 kB │ gzip:   1.13 kB
node_modules/.nitro/vite/services/ssr/assets/router-DoHjdNAh.js                         12.33 kB │ gzip:   4.16 kB
node_modules/.nitro/vite/services/ssr/index.js                                          69.43 kB │ gzip:  17.70 kB
node_modules/.nitro/vite/services/ssr/assets/routes-Cwx1Teq-.js                      1,360.24 kB │ gzip: 305.16 kB

[32m✓ built in 1.03s[39m

[90m[[90mnitro[90m][39m [35m◐[39m Building [[35mNitro[39m] [2m(preset: [36mvercel[39m, compatibility: [36m2026-09-30[39m)[22m
[90m[[90mnitro[90m][39m [32m✔[39m Generated public [36m.vercel/output/static[39m
[36mvite v8.2.2 [32mbuilding nitro environment for production...[36m[39m
transforming...
✓ 3237 modules transformed.
rendering chunks...
computing gzip size...
.vercel/output/functions/__server.func/_ssr/start-5Z2QO8AU.mjs                      0.14 kB │ gzip:     0.13 kB
.vercel/output/functions/__server.func/_ssr/empty-plugin-adapters-D9UWiqvJ.mjs      0.23 kB │ gzip:     0.16 kB
.vercel/output/functions/__server.func/_libs/babel__runtime.mjs                     0.39 kB │ gzip:     0.26 kB
.vercel/output/functions/__server.func/_tanstack-start-manifest_v-D_7rXfE7.mjs      0.64 kB │ gzip:     0.37 kB
.vercel/output/functions/__server.func/_chunks/ssr-renderer.mjs                     0.96 kB │ gzip:     0.49 kB
.vercel/output/functions/__server.func/_libs/radix-ui__react-compose-refs.mjs       1.23 kB │ gzip:     0.58 kB
.vercel/output/functions/__server.func/_runtime.mjs                                 1.92 kB │ gzip:     0.87 kB
.vercel/output/functions/__server.func/_ssr/testkit-hJPja4Pb.mjs                    2.63 kB │ gzip:     1.18 kB
.vercel/output/functions/__server.func/_libs/zustand.mjs                            2.76 kB │ gzip:     0.97 kB
.vercel/output/functions/__server.func/_libs/class-variance-authority+clsx.mjs      3.17 kB │ gzip:     1.24 kB
.vercel/output/functions/__server.func/_libs/radix-ui__react-slot.mjs               5.65 kB │ gzip:     1.74 kB
.vercel/output/functions/__server.func/_libs/h3-v2+rou3.mjs                         9.83 kB │ gzip:     3.05 kB
.vercel/output/functions/__server.func/_libs/tanstack__history.mjs                 12.50 kB │ gzip:     3.70 kB
.vercel/output/functions/__server.func/_ssr/router-DoHjdNAh.mjs                    12.73 kB │ gzip:     4.28 kB
.vercel/output/functions/__server.func/_libs/lucide-react.mjs                      14.43 kB │ gzip:     3.54 kB
.vercel/output/functions/__server.func/_libs/1sat__react+react.mjs                 21.66 kB │ gzip:     5.59 kB
.vercel/output/functions/__server.func/_libs/h3+rou3+srvx.mjs                      22.57 kB │ gzip:     6.12 kB
.vercel/output/functions/__server.func/_libs/@tanstack/router-core+[...].mjs       29.60 kB │ gzip:     7.98 kB
.vercel/output/functions/__server.func/index.mjs                                   32.06 kB │ gzip:     9.95 kB
.vercel/output/functions/__server.func/_ssr/ssr.mjs                                67.77 kB │ gzip:    17.61 kB
.vercel/output/functions/__server.func/_libs/tailwind-merge.mjs                    88.13 kB │ gzip:    15.66 kB
.vercel/output/functions/__server.func/_libs/three.mjs                            113.49 kB │ gzip:    24.75 kB
.vercel/output/functions/__server.func/_libs/zod.mjs                              167.56 kB │ gzip:    37.36 kB
.vercel/output/functions/__server.func/_libs/@tanstack/react-router+[...].mjs     749.98 kB │ gzip:   157.85 kB
.vercel/output/functions/__server.func/_ssr/routes-Cwx1Teq-.mjs                 1,423.90 kB │ gzip:   305.09 kB
.vercel/output/functions/__server.func/_libs/@react-three/drei+[...].mjs        2,639.58 kB │ gzip:   529.73 kB
.vercel/output/functions/__server.func/_libs/1sat__connect.mjs                  3,727.48 kB │ gzip:   809.00 kB
.vercel/output/functions/__server.func/_libs/@1sat/actions.mjs                  4,703.20 kB │ gzip: 1,066.11 kB

[32m✓ built in 837ms[39m
[36mℹ[39m Generated [36m.vercel/output/nitro.json[39m

[90m[[90mnitro[90m][39m [32m✔[39m You can preview this build using [36mnpx vite preview[39m
[90m[[90mnitro[90m][39m [32m✔[39m You can deploy this build using [36mnpx nitro deploy --prebuilt[39m

> db:migrate
> node scripts/migrate.mjs

[migrate] DATABASE_URL not set — skipping (the PGLite fallback migrates itself).

> check:auth
> node scripts/check-auth-invariant.mjs

[auth-invariant] dev and build agree: sign-in off

CHECK_EXIT=0
